"dataset","file","cell_id","exit_code","parse_ok","spearman_r_num","warning_cycle","lead_knee","lead_eol","knee_cycle","eol_cycle_v4","out_base","log_path"
"zenodo_rwth","rwth_002.log.parquet","rwth_002.log","0","0",,,,,,,"NA","C:\Users\szoke\Documents\BatteryDegradationAtlas\reports\discovery_run_zenodo_rwth_20260203_094201\logs\rwth_002.log.txt"
"zenodo_rwth","rwth_003.log.parquet","rwth_003.log","0","0",,,,,,,"NA","C:\Users\szoke\Documents\BatteryDegradationAtlas\reports\discovery_run_zenodo_rwth_20260203_094201\logs\rwth_003.log.txt"
"zenodo_rwth","rwth_004.log.parquet","rwth_004.log","0","0",,,,,,,"NA","C:\Users\szoke\Documents\BatteryDegradationAtlas\reports\discovery_run_zenodo_rwth_20260203_094201\logs\rwth_004.log.txt"
"zenodo_rwth","rwth_005.log.parquet","rwth_005.log","0","0",,,,,,,"NA","C:\Users\szoke\Documents\BatteryDegradationAtlas\reports\discovery_run_zenodo_rwth_20260203_094201\logs\rwth_005.log.txt"
"zenodo_rwth","rwth_006.log.parquet","rwth_006.log","0","0",,,,,,,"NA","C:\Users\szoke\Documents\BatteryDegradationAtlas\reports\discovery_run_zenodo_rwth_20260203_094201\logs\rwth_006.log.txt"
"zenodo_rwth","rwth_007.log.parquet","rwth_007.log","0","0",,,,,,,"NA","C:\Users\szoke\Documents\BatteryDegradationAtlas\reports\discovery_run_zenodo_rwth_20260203_094201\logs\rwth_007.log.txt"
"zenodo_rwth","rwth_008.log.parquet","rwth_008.log","0","0",,,,,,,"NA","C:\Users\szoke\Documents\BatteryDegradationAtlas\reports\discovery_run_zenodo_rwth_20260203_094201\logs\rwth_008.log.txt"
"zenodo_rwth","rwth_009.log.parquet","rwth_009.log","0","0",,,,,,,"NA","C:\Users\szoke\Documents\BatteryDegradationAtlas\reports\discovery_run_zenodo_rwth_20260203_094201\logs\rwth_009.log.txt"
"zenodo_rwth","rwth_010.log.parquet","rwth_010.log","0","0",,,,,,,"NA","C:\Users\szoke\Documents\BatteryDegradationAtlas\reports\discovery_run_zenodo_rwth_20260203_094201\logs\rwth_010.log.txt"
"zenodo_rwth","rwth_011.log.parquet","rwth_011.log","0","0",,,,,,,"NA","C:\Users\szoke\Documents\BatteryDegradationAtlas\reports\discovery_run_zenodo_rwth_20260203_094201\logs\rwth_011.log.txt"
"zenodo_rwth","rwth_012.log.parquet","rwth_012.log","0","0",,,,,,,"NA","C:\Users\szoke\Documents\BatteryDegradationAtlas\reports\discovery_run_zenodo_rwth_20260203_094201\logs\rwth_012.log.txt"
"zenodo_rwth","rwth_013.log.parquet","rwth_013.log","0","0",,,,,,,"NA","C:\Users\szoke\Documents\BatteryDegradationAtlas\reports\discovery_run_zenodo_rwth_20260203_094201\logs\rwth_013.log.txt"
"zenodo_rwth","rwth_014.log.parquet","rwth_014.log","0","0",,,,,,,"NA","C:\Users\szoke\Documents\BatteryDegradationAtlas\reports\discovery_run_zenodo_rwth_20260203_094201\logs\rwth_014.log.txt"
"zenodo_rwth","rwth_015.log.parquet","rwth_015.log","0","0",,,,,,,"NA","C:\Users\szoke\Documents\BatteryDegradationAtlas\reports\discovery_run_zenodo_rwth_20260203_094201\logs\rwth_015.log.txt"
"zenodo_rwth","rwth_016.log.parquet","rwth_016.log","0","0",,,,,,,"NA","C:\Users\szoke\Documents\BatteryDegradationAtlas\reports\discovery_run_zenodo_rwth_20260203_094201\logs\rwth_016.log.txt"
"zenodo_rwth","rwth_017.log.parquet","rwth_017.log","0","0",,,,,,,"NA","C:\Users\szoke\Documents\BatteryDegradationAtlas\reports\discovery_run_zenodo_rwth_20260203_094201\logs\rwth_017.log.txt"
"zenodo_rwth","rwth_018.log.parquet","rwth_018.log","0","0",,,,,,,"NA","C:\Users\szoke\Documents\BatteryDegradationAtlas\reports\discovery_run_zenodo_rwth_20260203_094201\logs\rwth_018.log.txt"
"zenodo_rwth","rwth_019.log.parquet","rwth_019.log","0","0",,,,,,,"NA","C:\Users\szoke\Documents\BatteryDegradationAtlas\reports\discovery_run_zenodo_rwth_20260203_094201\logs\rwth_019.log.txt"
"zenodo_rwth","rwth_020.log.parquet","rwth_020.log","0","0",,,,,,,"NA","C:\Users\szoke\Documents\BatteryDegradationAtlas\reports\discovery_run_zenodo_rwth_20260203_094201\logs\rwth_020.log.txt"
"zenodo_rwth","rwth_021.log.parquet","rwth_021.log","0","0",,,,,,,"NA","C:\Users\szoke\Documents\BatteryDegradationAtlas\reports\discovery_run_zenodo_rwth_20260203_094201\logs\rwth_021.log.txt"
"zenodo_rwth","rwth_022.log.parquet","rwth_022.log","0","0",,,,,,,"NA","C:\Users\szoke\Documents\BatteryDegradationAtlas\reports\discovery_run_zenodo_rwth_20260203_094201\logs\rwth_022.log.txt"
"zenodo_rwth","rwth_023.log.parquet","rwth_023.log","0","0",,,,,,,"NA","C:\Users\szoke\Documents\BatteryDegradationAtlas\reports\discovery_run_zenodo_rwth_20260203_094201\logs\rwth_023.log.txt"
"zenodo_rwth","rwth_024.log.parquet","rwth_024.log","0","0",,,,,,,"NA","C:\Users\szoke\Documents\BatteryDegradationAtlas\reports\discovery_run_zenodo_rwth_20260203_094201\logs\rwth_024.log.txt"
"zenodo_rwth","rwth_025.log.parquet","rwth_025.log","0","0",,,,,,,"NA","C:\Users\szoke\Documents\BatteryDegradationAtlas\reports\discovery_run_zenodo_rwth_20260203_094201\logs\rwth_025.log.txt"
"zenodo_rwth","rwth_026.log.parquet","rwth_026.log","0","0",,,,,,,"NA","C:\Users\szoke\Documents\BatteryDegradationAtlas\reports\discovery_run_zenodo_rwth_20260203_094201\logs\rwth_026.log.txt"
"zenodo_rwth","rwth_027.log.parquet","rwth_027.log","0","0",,,,,,,"NA","C:\Users\szoke\Documents\BatteryDegradationAtlas\reports\discovery_run_zenodo_rwth_20260203_094201\logs\rwth_027.log.txt"
"zenodo_rwth","rwth_028.log.parquet","rwth_028.log","0","0",,,,,,,"NA","C:\Users\szoke\Documents\BatteryDegradationAtlas\reports\discovery_run_zenodo_rwth_20260203_094201\logs\rwth_028.log.txt"
"zenodo_rwth","rwth_029.log.parquet","rwth_029.log","0","0",,,,,,,"NA","C:\Users\szoke\Documents\BatteryDegradationAtlas\reports\discovery_run_zenodo_rwth_20260203_094201\logs\rwth_029.log.txt"
"zenodo_rwth","rwth_030.log.parquet","rwth_030.log","0","0",,,,,,,"NA","C:\Users\szoke\Documents\BatteryDegradationAtlas\reports\discovery_run_zenodo_rwth_20260203_094201\logs\rwth_030.log.txt"
"zenodo_rwth","rwth_031.log.parquet","rwth_031.log","0","0",,,,,,,"NA","C:\Users\szoke\Documents\BatteryDegradationAtlas\reports\discovery_run_zenodo_rwth_20260203_094201\logs\rwth_031.log.txt"
"zenodo_rwth","rwth_032.log.parquet","rwth_032.log","0","0",,,,,,,"NA","C:\Users\szoke\Documents\BatteryDegradationAtlas\reports\discovery_run_zenodo_rwth_20260203_094201\logs\rwth_032.log.txt"
"zenodo_rwth","rwth_033.log.parquet","rwth_033.log","0","0",,,,,,,"NA","C:\Users\szoke\Documents\BatteryDegradationAtlas\reports\discovery_run_zenodo_rwth_20260203_094201\logs\rwth_033.log.txt"
"zenodo_rwth","rwth_034.log.parquet","rwth_034.log","0","0",,,,,,,"NA","C:\Users\szoke\Documents\BatteryDegradationAtlas\reports\discovery_run_zenodo_rwth_20260203_094201\logs\rwth_034.log.txt"
"zenodo_rwth","rwth_035.log.parquet","rwth_035.log","0","0",,,,,,,"NA","C:\Users\szoke\Documents\BatteryDegradationAtlas\reports\discovery_run_zenodo_rwth_20260203_094201\logs\rwth_035.log.txt"
"zenodo_rwth","rwth_036.log.parquet","rwth_036.log","0","0",,,,,,,"NA","C:\Users\szoke\Documents\BatteryDegradationAtlas\reports\discovery_run_zenodo_rwth_20260203_094201\logs\rwth_036.log.txt"
"zenodo_rwth","rwth_037.log.parquet","rwth_037.log","0","0",,,,,,,"NA","C:\Users\szoke\Documents\BatteryDegradationAtlas\reports\discovery_run_zenodo_rwth_20260203_094201\logs\rwth_037.log.txt"
"zenodo_rwth","rwth_038.log.parquet","rwth_038.log","0","0",,,,,,,"NA","C:\Users\szoke\Documents\BatteryDegradationAtlas\reports\discovery_run_zenodo_rwth_20260203_094201\logs\rwth_038.log.txt"
"zenodo_rwth","rwth_039.log.parquet","rwth_039.log","0","0",,,,,,,"NA","C:\Users\szoke\Documents\BatteryDegradationAtlas\reports\discovery_run_zenodo_rwth_20260203_094201\logs\rwth_039.log.txt"
"zenodo_rwth","rwth_040.log.parquet","rwth_040.log","0","0",,,,,,,"NA","C:\Users\szoke\Documents\BatteryDegradationAtlas\reports\discovery_run_zenodo_rwth_20260203_094201\logs\rwth_040.log.txt"
"zenodo_rwth","rwth_041.log.parquet","rwth_041.log","0","0",,,,,,,"NA","C:\Users\szoke\Documents\BatteryDegradationAtlas\reports\discovery_run_zenodo_rwth_20260203_094201\logs\rwth_041.log.txt"
"zenodo_rwth","rwth_042.log.parquet","rwth_042.log","0","0",,,,,,,"NA","C:\Users\szoke\Documents\BatteryDegradationAtlas\reports\discovery_run_zenodo_rwth_20260203_094201\logs\rwth_042.log.txt"
"zenodo_rwth","rwth_043.log.parquet","rwth_043.log","0","0",,,,,,,"NA","C:\Users\szoke\Documents\BatteryDegradationAtlas\reports\discovery_run_zenodo_rwth_20260203_094201\logs\rwth_043.log.txt"
"zenodo_rwth","rwth_044.log.parquet","rwth_044.log","0","0",,,,,,,"NA","C:\Users\szoke\Documents\BatteryDegradationAtlas\reports\discovery_run_zenodo_rwth_20260203_094201\logs\rwth_044.log.txt"
"zenodo_rwth","rwth_045.log.parquet","rwth_045.log","0","0",,,,,,,"NA","C:\Users\szoke\Documents\BatteryDegradationAtlas\reports\discovery_run_zenodo_rwth_20260203_094201\logs\rwth_045.log.txt"
"zenodo_rwth","rwth_046.log.parquet","rwth_046.log","0","0",,,,,,,"NA","C:\Users\szoke\Documents\BatteryDegradationAtlas\reports\discovery_run_zenodo_rwth_20260203_094201\logs\rwth_046.log.txt"
"zenodo_rwth","rwth_047.log.parquet","rwth_047.log","0","0",,,,,,,"NA","C:\Users\szoke\Documents\BatteryDegradationAtlas\reports\discovery_run_zenodo_rwth_20260203_094201\logs\rwth_047.log.txt"
"zenodo_rwth","rwth_048.log.parquet","rwth_048.log","0","0",,,,,,,"NA","C:\Users\szoke\Documents\BatteryDegradationAtlas\reports\discovery_run_zenodo_rwth_20260203_094201\logs\rwth_048.log.txt"
"zenodo_rwth","rwth_049.log.parquet","rwth_049.log","0","0",,,,,,,"NA","C:\Users\szoke\Documents\BatteryDegradationAtlas\reports\discovery_run_zenodo_rwth_20260203_094201\logs\rwth_049.log.txt"
