"file","exit_code","cell_id","knee_cycle","eol_cycle_v4","warning_cycle","spearman_r","degr_component","k_opt","v_range","constant_warn","cap_eol90_check","log_path"
"calce_cs2_33.parquet","0","zn_coin_418_2_20231209234209_11_2","522","72","-1","0.3328201177351374","0","4","2.999,4.063","True","72","C:\Users\szoke\Documents\BatteryDegradationAtlas\reports\discovery_run_zenodo_calce_flat_20260129_191346\disco_calce_cs2_33.log"
"calce_cs2_34.parquet","0","zn_coin_418_2_20231209234209_11_2","392","75","353","0.13222549902552574","0","4","3.015,4.026","False","75","C:\Users\szoke\Documents\BatteryDegradationAtlas\reports\discovery_run_zenodo_calce_flat_20260129_191346\disco_calce_cs2_34.log"
"calce_cs2_35.parquet","0","zn_coin_418_2_20231209234209_11_2","548","74","179","0.14902992168942036","0","4","2.874,3.993","False","74","C:\Users\szoke\Documents\BatteryDegradationAtlas\reports\discovery_run_zenodo_calce_flat_20260129_191346\disco_calce_cs2_35.log"
"calce_cs2_36.parquet","0","zn_coin_418_2_20231209234209_11_2","581","233","-1","-",,"3","2.860,3.999","False","78","C:\Users\szoke\Documents\BatteryDegradationAtlas\reports\discovery_run_zenodo_calce_flat_20260129_191346\disco_calce_cs2_36.log"
"calce_cs2_37.parquet","0","zn_coin_418_2_20231209234209_11_2","635","71","-1","-",,"3","2.865,3.981","False","71","C:\Users\szoke\Documents\BatteryDegradationAtlas\reports\discovery_run_zenodo_calce_flat_20260129_191346\disco_calce_cs2_37.log"
"calce_cs2_38.parquet","0","zn_coin_418_2_20231209234209_11_2","671","154","179","0.4559696793224953","3","6","2.863,4.006","False","70","C:\Users\szoke\Documents\BatteryDegradationAtlas\reports\discovery_run_zenodo_calce_flat_20260129_191346\disco_calce_cs2_38.log"
"calce_cx2_16.parquet","0","zn_coin_418_2_20231209234209_11_2","536","94","-1","0.06527704361045757","3","4","2.809,4.083","False","94","C:\Users\szoke\Documents\BatteryDegradationAtlas\reports\discovery_run_zenodo_calce_flat_20260129_191346\disco_calce_cx2_16.log"
"calce_cx2_33.parquet","0","zn_coin_418_2_20231209234209_11_2","1090","225","248","0.3445905428884121","0","5","2.799,4.048","False","20","C:\Users\szoke\Documents\BatteryDegradationAtlas\reports\discovery_run_zenodo_calce_flat_20260129_191346\disco_calce_cx2_33.log"
"calce_cx2_34.parquet","0","zn_coin_418_2_20231209234209_11_2","85","68","-1","-",,"4","2.746,3.987","False","68","C:\Users\szoke\Documents\BatteryDegradationAtlas\reports\discovery_run_zenodo_calce_flat_20260129_191346\disco_calce_cx2_34.log"
"calce_cx2_35.parquet","0","zn_coin_418_2_20231209234209_11_2","1276","68","1012","0.20522882843309173","0","5","2.799,4.055","False","68","C:\Users\szoke\Documents\BatteryDegradationAtlas\reports\discovery_run_zenodo_calce_flat_20260129_191346\disco_calce_cx2_35.log"
"calce_cx2_36.parquet","0","zn_coin_418_2_20231209234209_11_2","1360","74","-1","-",,"4","2.740,3.968","True","74","C:\Users\szoke\Documents\BatteryDegradationAtlas\reports\discovery_run_zenodo_calce_flat_20260129_191346\disco_calce_cx2_36.log"
"calce_cx2_37.parquet","0","zn_coin_418_2_20231209234209_11_2","358","71","217","0.02703226447096883","2","3","2.755,3.985","False","71","C:\Users\szoke\Documents\BatteryDegradationAtlas\reports\discovery_run_zenodo_calce_flat_20260129_191346\disco_calce_cx2_37.log"
"calce_cx2_38.parquet","0","zn_coin_418_2_20231209234209_11_2","1270","77","-1","-",,"4","2.739,3.982","False","77","C:\Users\szoke\Documents\BatteryDegradationAtlas\reports\discovery_run_zenodo_calce_flat_20260129_191346\disco_calce_cx2_38.log"
