"dataset","file","cell_id","exit_code","parse_ok","spearman_r_num","warning_cycle","lead_knee","lead_eol","knee_cycle","eol_cycle_v4","out_base","log_path"
"zenodo_mich_exp","mich_01r_pouch_nmc_25c_0_100_0_2_0_2c.log.parquet","mich_01r_pouch_nmc_25c_0_100_0_2_0_2c.log","0","0",,,,,,,"NA","C:\Users\szoke\Documents\BatteryDegradationAtlas\reports\discovery_run_zenodo_mich_exp_20260203_093526\logs\mich_01r_pouch_nmc_25c_0_100_0_2_0_2c.log.txt"
"zenodo_mich_exp","mich_02c_pouch_nmc__5c_0_100_0_2_0_2c.log.parquet","mich_02c_pouch_nmc__5c_0_100_0_2_0_2c.log","0","0",,,,,,,"NA","C:\Users\szoke\Documents\BatteryDegradationAtlas\reports\discovery_run_zenodo_mich_exp_20260203_093526\logs\mich_02c_pouch_nmc__5c_0_100_0_2_0_2c.log.txt"
"zenodo_mich_exp","mich_03h_pouch_nmc_45c_0_100_0_2_0_2c.log.parquet","mich_03h_pouch_nmc_45c_0_100_0_2_0_2c.log","0","0",,,,,,,"NA","C:\Users\szoke\Documents\BatteryDegradationAtlas\reports\discovery_run_zenodo_mich_exp_20260203_093526\logs\mich_03h_pouch_nmc_45c_0_100_0_2_0_2c.log.txt"
"zenodo_mich_exp","mich_04r_pouch_nmc_25c_0_100_1_5_1_5c.log.parquet","mich_04r_pouch_nmc_25c_0_100_1_5_1_5c.log","0","0",,,,,,,"NA","C:\Users\szoke\Documents\BatteryDegradationAtlas\reports\discovery_run_zenodo_mich_exp_20260203_093526\logs\mich_04r_pouch_nmc_25c_0_100_1_5_1_5c.log.txt"
"zenodo_mich_exp","mich_05c_pouch_nmc__5c_0_100_1_5_1_5c.log.parquet","mich_05c_pouch_nmc__5c_0_100_1_5_1_5c.log","0","0",,,,,,,"NA","C:\Users\szoke\Documents\BatteryDegradationAtlas\reports\discovery_run_zenodo_mich_exp_20260203_093526\logs\mich_05c_pouch_nmc__5c_0_100_1_5_1_5c.log.txt"
"zenodo_mich_exp","mich_06h_pouch_nmc_45c_0_100_1_5_1_5c.log.parquet","mich_06h_pouch_nmc_45c_0_100_1_5_1_5c.log","0","0",,,,,,,"NA","C:\Users\szoke\Documents\BatteryDegradationAtlas\reports\discovery_run_zenodo_mich_exp_20260203_093526\logs\mich_06h_pouch_nmc_45c_0_100_1_5_1_5c.log.txt"
"zenodo_mich_exp","mich_07r_pouch_nmc_25c_0_100_2_2c.log.parquet","mich_07r_pouch_nmc_25c_0_100_2_2c.log","0","0",,,,,,,"NA","C:\Users\szoke\Documents\BatteryDegradationAtlas\reports\discovery_run_zenodo_mich_exp_20260203_093526\logs\mich_07r_pouch_nmc_25c_0_100_2_2c.log.txt"
"zenodo_mich_exp","mich_08c_pouch_nmc__5c_0_100_2_2c.log.parquet","mich_08c_pouch_nmc__5c_0_100_2_2c.log","0","0",,,,,,,"NA","C:\Users\szoke\Documents\BatteryDegradationAtlas\reports\discovery_run_zenodo_mich_exp_20260203_093526\logs\mich_08c_pouch_nmc__5c_0_100_2_2c.log.txt"
"zenodo_mich_exp","mich_09h_pouch_nmc_45c_0_100_2_2c.log.parquet","mich_09h_pouch_nmc_45c_0_100_2_2c.log","0","0",,,,,,,"NA","C:\Users\szoke\Documents\BatteryDegradationAtlas\reports\discovery_run_zenodo_mich_exp_20260203_093526\logs\mich_09h_pouch_nmc_45c_0_100_2_2c.log.txt"
"zenodo_mich_exp","mich_10r_pouch_nmc_25c_0_100_0_2_1_5c.log.parquet","mich_10r_pouch_nmc_25c_0_100_0_2_1_5c.log","0","0",,,,,,,"NA","C:\Users\szoke\Documents\BatteryDegradationAtlas\reports\discovery_run_zenodo_mich_exp_20260203_093526\logs\mich_10r_pouch_nmc_25c_0_100_0_2_1_5c.log.txt"
"zenodo_mich_exp","mich_11c_pouch_nmc__5c_0_100_0_2_1_5c.log.parquet","mich_11c_pouch_nmc__5c_0_100_0_2_1_5c.log","0","0",,,,,,,"NA","C:\Users\szoke\Documents\BatteryDegradationAtlas\reports\discovery_run_zenodo_mich_exp_20260203_093526\logs\mich_11c_pouch_nmc__5c_0_100_0_2_1_5c.log.txt"
"zenodo_mich_exp","mich_12h_pouch_nmc_45c_0_100_0_2_1_5c.log.parquet","mich_12h_pouch_nmc_45c_0_100_0_2_1_5c.log","0","0",,,,,,,"NA","C:\Users\szoke\Documents\BatteryDegradationAtlas\reports\discovery_run_zenodo_mich_exp_20260203_093526\logs\mich_12h_pouch_nmc_45c_0_100_0_2_1_5c.log.txt"
"zenodo_mich_exp","mich_13r_pouch_nmc_25c_50_100_0_2_0_2c.log.parquet","mich_13r_pouch_nmc_25c_50_100_0_2_0_2c.log","0","0",,,,,,,"NA","C:\Users\szoke\Documents\BatteryDegradationAtlas\reports\discovery_run_zenodo_mich_exp_20260203_093526\logs\mich_13r_pouch_nmc_25c_50_100_0_2_0_2c.log.txt"
"zenodo_mich_exp","mich_14c_pouch_nmc__5c_50_100_0_2_0_2c.log.parquet","mich_14c_pouch_nmc__5c_50_100_0_2_0_2c.log","0","0",,,,,,,"NA","C:\Users\szoke\Documents\BatteryDegradationAtlas\reports\discovery_run_zenodo_mich_exp_20260203_093526\logs\mich_14c_pouch_nmc__5c_50_100_0_2_0_2c.log.txt"
"zenodo_mich_exp","mich_15h_pouch_nmc_45c_50_100_0_2_0_2c.log.parquet","mich_15h_pouch_nmc_45c_50_100_0_2_0_2c.log","0","0",,,,,,,"NA","C:\Users\szoke\Documents\BatteryDegradationAtlas\reports\discovery_run_zenodo_mich_exp_20260203_093526\logs\mich_15h_pouch_nmc_45c_50_100_0_2_0_2c.log.txt"
"zenodo_mich_exp","mich_16r_pouch_nmc_25c_50_100_0_2_1_5c.log.parquet","mich_16r_pouch_nmc_25c_50_100_0_2_1_5c.log","0","0",,,,,,,"NA","C:\Users\szoke\Documents\BatteryDegradationAtlas\reports\discovery_run_zenodo_mich_exp_20260203_093526\logs\mich_16r_pouch_nmc_25c_50_100_0_2_1_5c.log.txt"
"zenodo_mich_exp","mich_17c_pouch_nmc__5c_50_100_0_2_1_5c.log.parquet","mich_17c_pouch_nmc__5c_50_100_0_2_1_5c.log","0","0",,,,,,,"NA","C:\Users\szoke\Documents\BatteryDegradationAtlas\reports\discovery_run_zenodo_mich_exp_20260203_093526\logs\mich_17c_pouch_nmc__5c_50_100_0_2_1_5c.log.txt"
"zenodo_mich_exp","mich_18h_pouch_nmc_45c_50_100_0_2_1_5c.log.parquet","mich_18h_pouch_nmc_45c_50_100_0_2_1_5c.log","0","0",,,,,,,"NA","C:\Users\szoke\Documents\BatteryDegradationAtlas\reports\discovery_run_zenodo_mich_exp_20260203_093526\logs\mich_18h_pouch_nmc_45c_50_100_0_2_1_5c.log.txt"
