"file","cell_id","eol_cycle_v4","warning_cycle","cap_proxy_v3","cap_eol90_v3","delta_eol_cap_v3_minus_v4","cap_base_v3","cap_qmin_v3","cap_cv_baseline_v3","cap_monotonic_frac_v3","spearman_r_raw","spearman_r_num","constant_warn","log_path"
"calce_cs2_33.parquet","zn_coin_418_2_20231209234209_11_2","72","-1","cap_max","264","192","1.13533","0.089525","0.00533019","0.841017","0.3328201177351374","0.3328201177351374","True","C:\Users\szoke\Documents\BatteryDegradationAtlas\reports\discovery_run_zenodo_calce_flat_20260129_191346\disco_calce_cs2_33.log"
"calce_cs2_34.parquet","zn_coin_418_2_20231209234209_11_2","75","353","cap_max","241","166","1.13447","0.437427","0.00563156","0.875208","0.13222549902552574","0.13222549902552574","False","C:\Users\szoke\Documents\BatteryDegradationAtlas\reports\discovery_run_zenodo_calce_flat_20260129_191346\disco_calce_cs2_34.log"
"calce_cs2_35.parquet","zn_coin_418_2_20231209234209_11_2","74","179","cap_max","195","121","1.09157","0.267897","0.00424682","0.783712","0.14902992168942036","0.14902992168942036","False","C:\Users\szoke\Documents\BatteryDegradationAtlas\reports\discovery_run_zenodo_calce_flat_20260129_191346\disco_calce_cs2_35.log"
"calce_cs2_36.parquet","zn_coin_418_2_20231209234209_11_2","233","-1","cap_max","308","75","1.10902","0.136375","0.00284097","0.755306","-","","False","C:\Users\szoke\Documents\BatteryDegradationAtlas\reports\discovery_run_zenodo_calce_flat_20260129_191346\disco_calce_cs2_36.log"
"calce_cs2_37.parquet","zn_coin_418_2_20231209234209_11_2","71","-1","cap_max","240","169","1.0906","0.155697","0.00360736","0.736842","-","","False","C:\Users\szoke\Documents\BatteryDegradationAtlas\reports\discovery_run_zenodo_calce_flat_20260129_191346\disco_calce_cs2_37.log"
"calce_cs2_38.parquet","zn_coin_418_2_20231209234209_11_2","154","179","cap_max","204","50","1.09827","0.255328","0.00368681","0.74656","0.4559696793224953","0.4559696793224953","False","C:\Users\szoke\Documents\BatteryDegradationAtlas\reports\discovery_run_zenodo_calce_flat_20260129_191346\disco_calce_cs2_38.log"
"calce_cx2_16.parquet","zn_coin_418_2_20231209234209_11_2","94","-1","cap_max","701","607","1.24565","0.636069","0.0036112","0.761218","0.06527704361045757","0.06527704361045757","False","C:\Users\szoke\Documents\BatteryDegradationAtlas\reports\discovery_run_zenodo_calce_flat_20260129_191346\disco_calce_cx2_16.log"
"calce_cx2_33.parquet","zn_coin_418_2_20231209234209_11_2","225","248","cap_max","353","128","1.26342","0.423054","0.19613","0.792742","0.3445905428884121","0.3445905428884121","False","C:\Users\szoke\Documents\BatteryDegradationAtlas\reports\discovery_run_zenodo_calce_flat_20260129_191346\disco_calce_cx2_33.log"
"calce_cx2_34.parquet","zn_coin_418_2_20231209234209_11_2","68","-1","cap_max","205","137","1.30742","0.423272","0.00557821","0.797297","-","","False","C:\Users\szoke\Documents\BatteryDegradationAtlas\reports\discovery_run_zenodo_calce_flat_20260129_191346\disco_calce_cx2_34.log"
"calce_cx2_35.parquet","zn_coin_418_2_20231209234209_11_2","68","1012","cap_max","347","279","1.33456","0.399285","0.00419572","0.806746","0.20522882843309173","0.20522882843309173","False","C:\Users\szoke\Documents\BatteryDegradationAtlas\reports\discovery_run_zenodo_calce_flat_20260129_191346\disco_calce_cx2_35.log"
"calce_cx2_36.parquet","zn_coin_418_2_20231209234209_11_2","74","-1","cap_max","147","73","1.31832","0.394722","0.00859006","0.750163","-","","True","C:\Users\szoke\Documents\BatteryDegradationAtlas\reports\discovery_run_zenodo_calce_flat_20260129_191346\disco_calce_cx2_36.log"
"calce_cx2_37.parquet","zn_coin_418_2_20231209234209_11_2","71","217","cap_max","225","154","1.31924","0.596814","0.00701201","0.813641","0.02703226447096883","0.02703226447096883","False","C:\Users\szoke\Documents\BatteryDegradationAtlas\reports\discovery_run_zenodo_calce_flat_20260129_191346\disco_calce_cx2_37.log"
"calce_cx2_38.parquet","zn_coin_418_2_20231209234209_11_2","77","-1","cap_max","196","119","1.34371","0.205085","0.00840146","0.795866","-","","False","C:\Users\szoke\Documents\BatteryDegradationAtlas\reports\discovery_run_zenodo_calce_flat_20260129_191346\disco_calce_cx2_38.log"
