"dataset","file","cell_id","exit_code","parse_ok","spearman_r_num","warning_cycle","lead_knee","lead_eol","knee_cycle","eol_cycle_v4","out_base","log_path"
"zenodo_stanford","stanford_nova_regular_191.log.parquet","stanford_nova_regular_191.log","0","0",,,,,,,"NA","C:\Users\szoke\Documents\BatteryDegradationAtlas\reports\discovery_run_zenodo_stanford_20260203_095053\logs\stanford_nova_regular_191.log.txt"
"zenodo_stanford","stanford_nova_regular_192.log.parquet","stanford_nova_regular_192.log","0","0",,,,,,,"NA","C:\Users\szoke\Documents\BatteryDegradationAtlas\reports\discovery_run_zenodo_stanford_20260203_095053\logs\stanford_nova_regular_192.log.txt"
"zenodo_stanford","stanford_nova_regular_193.log.parquet","stanford_nova_regular_193.log","0","0",,,,,,,"NA","C:\Users\szoke\Documents\BatteryDegradationAtlas\reports\discovery_run_zenodo_stanford_20260203_095053\logs\stanford_nova_regular_193.log.txt"
"zenodo_stanford","stanford_nova_regular_194.log.parquet","stanford_nova_regular_194.log","0","0",,,,,,,"NA","C:\Users\szoke\Documents\BatteryDegradationAtlas\reports\discovery_run_zenodo_stanford_20260203_095053\logs\stanford_nova_regular_194.log.txt"
"zenodo_stanford","stanford_nova_regular_195.log.parquet","stanford_nova_regular_195.log","0","0",,,,,,,"NA","C:\Users\szoke\Documents\BatteryDegradationAtlas\reports\discovery_run_zenodo_stanford_20260203_095053\logs\stanford_nova_regular_195.log.txt"
"zenodo_stanford","stanford_nova_regular_196.log.parquet","stanford_nova_regular_196.log","0","0",,,,,,,"NA","C:\Users\szoke\Documents\BatteryDegradationAtlas\reports\discovery_run_zenodo_stanford_20260203_095053\logs\stanford_nova_regular_196.log.txt"
"zenodo_stanford","stanford_nova_regular_198.log.parquet","stanford_nova_regular_198.log","0","0",,,,,,,"NA","C:\Users\szoke\Documents\BatteryDegradationAtlas\reports\discovery_run_zenodo_stanford_20260203_095053\logs\stanford_nova_regular_198.log.txt"
"zenodo_stanford","stanford_nova_regular_199.log.parquet","stanford_nova_regular_199.log","0","0",,,,,,,"NA","C:\Users\szoke\Documents\BatteryDegradationAtlas\reports\discovery_run_zenodo_stanford_20260203_095053\logs\stanford_nova_regular_199.log.txt"
"zenodo_stanford","stanford_nova_regular_200.log.parquet","stanford_nova_regular_200.log","0","0",,,,,,,"NA","C:\Users\szoke\Documents\BatteryDegradationAtlas\reports\discovery_run_zenodo_stanford_20260203_095053\logs\stanford_nova_regular_200.log.txt"
"zenodo_stanford","stanford_nova_regular_201.log.parquet","stanford_nova_regular_201.log","0","0",,,,,,,"NA","C:\Users\szoke\Documents\BatteryDegradationAtlas\reports\discovery_run_zenodo_stanford_20260203_095053\logs\stanford_nova_regular_201.log.txt"
"zenodo_stanford","stanford_nova_regular_202.log.parquet","stanford_nova_regular_202.log","0","0",,,,,,,"NA","C:\Users\szoke\Documents\BatteryDegradationAtlas\reports\discovery_run_zenodo_stanford_20260203_095053\logs\stanford_nova_regular_202.log.txt"
"zenodo_stanford","stanford_nova_regular_203.log.parquet","stanford_nova_regular_203.log","0","0",,,,,,,"NA","C:\Users\szoke\Documents\BatteryDegradationAtlas\reports\discovery_run_zenodo_stanford_20260203_095053\logs\stanford_nova_regular_203.log.txt"
"zenodo_stanford","stanford_nova_regular_204.log.parquet","stanford_nova_regular_204.log","0","0",,,,,,,"NA","C:\Users\szoke\Documents\BatteryDegradationAtlas\reports\discovery_run_zenodo_stanford_20260203_095053\logs\stanford_nova_regular_204.log.txt"
"zenodo_stanford","stanford_nova_regular_205.log.parquet","stanford_nova_regular_205.log","0","0",,,,,,,"NA","C:\Users\szoke\Documents\BatteryDegradationAtlas\reports\discovery_run_zenodo_stanford_20260203_095053\logs\stanford_nova_regular_205.log.txt"
"zenodo_stanford","stanford_nova_regular_206.log.parquet","stanford_nova_regular_206.log","0","0",,,,,,,"NA","C:\Users\szoke\Documents\BatteryDegradationAtlas\reports\discovery_run_zenodo_stanford_20260203_095053\logs\stanford_nova_regular_206.log.txt"
"zenodo_stanford","stanford_nova_regular_207.log.parquet","stanford_nova_regular_207.log","0","0",,,,,,,"NA","C:\Users\szoke\Documents\BatteryDegradationAtlas\reports\discovery_run_zenodo_stanford_20260203_095053\logs\stanford_nova_regular_207.log.txt"
"zenodo_stanford","stanford_nova_regular_208.log.parquet","stanford_nova_regular_208.log","0","0",,,,,,,"NA","C:\Users\szoke\Documents\BatteryDegradationAtlas\reports\discovery_run_zenodo_stanford_20260203_095053\logs\stanford_nova_regular_208.log.txt"
"zenodo_stanford","stanford_nova_regular_209.log.parquet","stanford_nova_regular_209.log","0","0",,,,,,,"NA","C:\Users\szoke\Documents\BatteryDegradationAtlas\reports\discovery_run_zenodo_stanford_20260203_095053\logs\stanford_nova_regular_209.log.txt"
"zenodo_stanford","stanford_nova_regular_210.log.parquet","stanford_nova_regular_210.log","0","0",,,,,,,"NA","C:\Users\szoke\Documents\BatteryDegradationAtlas\reports\discovery_run_zenodo_stanford_20260203_095053\logs\stanford_nova_regular_210.log.txt"
"zenodo_stanford","stanford_nova_regular_211.log.parquet","stanford_nova_regular_211.log","0","0",,,,,,,"NA","C:\Users\szoke\Documents\BatteryDegradationAtlas\reports\discovery_run_zenodo_stanford_20260203_095053\logs\stanford_nova_regular_211.log.txt"
"zenodo_stanford","stanford_nova_regular_212.log.parquet","stanford_nova_regular_212.log","0","0",,,,,,,"NA","C:\Users\szoke\Documents\BatteryDegradationAtlas\reports\discovery_run_zenodo_stanford_20260203_095053\logs\stanford_nova_regular_212.log.txt"
"zenodo_stanford","stanford_nova_regular_213.log.parquet","stanford_nova_regular_213.log","0","0",,,,,,,"NA","C:\Users\szoke\Documents\BatteryDegradationAtlas\reports\discovery_run_zenodo_stanford_20260203_095053\logs\stanford_nova_regular_213.log.txt"
"zenodo_stanford","stanford_nova_regular_214.log.parquet","stanford_nova_regular_214.log","0","0",,,,,,,"NA","C:\Users\szoke\Documents\BatteryDegradationAtlas\reports\discovery_run_zenodo_stanford_20260203_095053\logs\stanford_nova_regular_214.log.txt"
"zenodo_stanford","stanford_nova_regular_215.log.parquet","stanford_nova_regular_215.log","0","0",,,,,,,"NA","C:\Users\szoke\Documents\BatteryDegradationAtlas\reports\discovery_run_zenodo_stanford_20260203_095053\logs\stanford_nova_regular_215.log.txt"
"zenodo_stanford","stanford_nova_regular_216.log.parquet","stanford_nova_regular_216.log","0","0",,,,,,,"NA","C:\Users\szoke\Documents\BatteryDegradationAtlas\reports\discovery_run_zenodo_stanford_20260203_095053\logs\stanford_nova_regular_216.log.txt"
"zenodo_stanford","stanford_nova_regular_217.log.parquet","stanford_nova_regular_217.log","0","0",,,,,,,"NA","C:\Users\szoke\Documents\BatteryDegradationAtlas\reports\discovery_run_zenodo_stanford_20260203_095053\logs\stanford_nova_regular_217.log.txt"
"zenodo_stanford","stanford_nova_regular_219.log.parquet","stanford_nova_regular_219.log","0","0",,,,,,,"NA","C:\Users\szoke\Documents\BatteryDegradationAtlas\reports\discovery_run_zenodo_stanford_20260203_095053\logs\stanford_nova_regular_219.log.txt"
"zenodo_stanford","stanford_nova_regular_220.log.parquet","stanford_nova_regular_220.log","0","0",,,,,,,"NA","C:\Users\szoke\Documents\BatteryDegradationAtlas\reports\discovery_run_zenodo_stanford_20260203_095053\logs\stanford_nova_regular_220.log.txt"
"zenodo_stanford","stanford_nova_regular_221.log.parquet","stanford_nova_regular_221.log","0","0",,,,,,,"NA","C:\Users\szoke\Documents\BatteryDegradationAtlas\reports\discovery_run_zenodo_stanford_20260203_095053\logs\stanford_nova_regular_221.log.txt"
"zenodo_stanford","stanford_nova_regular_222.log.parquet","stanford_nova_regular_222.log","0","0",,,,,,,"NA","C:\Users\szoke\Documents\BatteryDegradationAtlas\reports\discovery_run_zenodo_stanford_20260203_095053\logs\stanford_nova_regular_222.log.txt"
"zenodo_stanford","stanford_nova_regular_223.log.parquet","stanford_nova_regular_223.log","0","0",,,,,,,"NA","C:\Users\szoke\Documents\BatteryDegradationAtlas\reports\discovery_run_zenodo_stanford_20260203_095053\logs\stanford_nova_regular_223.log.txt"
"zenodo_stanford","stanford_nova_regular_224.log.parquet","stanford_nova_regular_224.log","0","0",,,,,,,"NA","C:\Users\szoke\Documents\BatteryDegradationAtlas\reports\discovery_run_zenodo_stanford_20260203_095053\logs\stanford_nova_regular_224.log.txt"
"zenodo_stanford","stanford_nova_regular_225.log.parquet","stanford_nova_regular_225.log","0","0",,,,,,,"NA","C:\Users\szoke\Documents\BatteryDegradationAtlas\reports\discovery_run_zenodo_stanford_20260203_095053\logs\stanford_nova_regular_225.log.txt"
"zenodo_stanford","stanford_nova_regular_226.log.parquet","stanford_nova_regular_226.log","0","0",,,,,,,"NA","C:\Users\szoke\Documents\BatteryDegradationAtlas\reports\discovery_run_zenodo_stanford_20260203_095053\logs\stanford_nova_regular_226.log.txt"
"zenodo_stanford","stanford_nova_regular_227.log.parquet","stanford_nova_regular_227.log","0","0",,,,,,,"NA","C:\Users\szoke\Documents\BatteryDegradationAtlas\reports\discovery_run_zenodo_stanford_20260203_095053\logs\stanford_nova_regular_227.log.txt"
"zenodo_stanford","stanford_nova_regular_228.log.parquet","stanford_nova_regular_228.log","0","0",,,,,,,"NA","C:\Users\szoke\Documents\BatteryDegradationAtlas\reports\discovery_run_zenodo_stanford_20260203_095053\logs\stanford_nova_regular_228.log.txt"
"zenodo_stanford","stanford_nova_regular_229.log.parquet","stanford_nova_regular_229.log","0","0",,,,,,,"NA","C:\Users\szoke\Documents\BatteryDegradationAtlas\reports\discovery_run_zenodo_stanford_20260203_095053\logs\stanford_nova_regular_229.log.txt"
"zenodo_stanford","stanford_nova_regular_230.log.parquet","stanford_nova_regular_230.log","0","0",,,,,,,"NA","C:\Users\szoke\Documents\BatteryDegradationAtlas\reports\discovery_run_zenodo_stanford_20260203_095053\logs\stanford_nova_regular_230.log.txt"
"zenodo_stanford","stanford_nova_regular_ref_100.log.parquet","stanford_nova_regular_ref_100.log","0","0",,,,,,,"NA","C:\Users\szoke\Documents\BatteryDegradationAtlas\reports\discovery_run_zenodo_stanford_20260203_095053\logs\stanford_nova_regular_ref_100.log.txt"
"zenodo_stanford","stanford_nova_regular_ref_101.log.parquet","stanford_nova_regular_ref_101.log","0","0",,,,,,,"NA","C:\Users\szoke\Documents\BatteryDegradationAtlas\reports\discovery_run_zenodo_stanford_20260203_095053\logs\stanford_nova_regular_ref_101.log.txt"
"zenodo_stanford","stanford_nova_regular_ref_102.log.parquet","stanford_nova_regular_ref_102.log","0","0",,,,,,,"NA","C:\Users\szoke\Documents\BatteryDegradationAtlas\reports\discovery_run_zenodo_stanford_20260203_095053\logs\stanford_nova_regular_ref_102.log.txt"
