"file","cell_id","cell_key","exit_code","knee_cycle","eol_cycle_v4","warning_cycle","cap_eol90_check","delta_eol_cap_minus_v4","spearman_r_raw","spearman_r_num","constant_warn","degr_component","k_opt","v_range","log_path","flag_exit_nonzero","flag_bad_rho","flag_warn_after_eol","flag_very_early_eol","flag_cap_mismatch50"
"calce_cs2_33.parquet","zn_coin_418_2_20231209234209_11_2","calce_cs2_33.parquet","0","522","72","-1","72","0","0.3328201177351374","0.3328201177351374","True","0","4","2.999,4.063","C:\Users\szoke\Documents\BatteryDegradationAtlas\reports\discovery_run_zenodo_calce_flat_20260129_191346\disco_calce_cs2_33.log","0","0","0","0","0"
"calce_cs2_34.parquet","zn_coin_418_2_20231209234209_11_2","calce_cs2_34.parquet","0","392","75","353","75","0","0.13222549902552574","0.13222549902552574","False","0","4","3.015,4.026","C:\Users\szoke\Documents\BatteryDegradationAtlas\reports\discovery_run_zenodo_calce_flat_20260129_191346\disco_calce_cs2_34.log","0","0","1","0","0"
"calce_cs2_35.parquet","zn_coin_418_2_20231209234209_11_2","calce_cs2_35.parquet","0","548","74","179","74","0","0.14902992168942036","0.14902992168942036","False","0","4","2.874,3.993","C:\Users\szoke\Documents\BatteryDegradationAtlas\reports\discovery_run_zenodo_calce_flat_20260129_191346\disco_calce_cs2_35.log","0","0","1","0","0"
"calce_cs2_36.parquet","zn_coin_418_2_20231209234209_11_2","calce_cs2_36.parquet","0","581","233","-1","78","-155","-",,"False","","3","2.860,3.999","C:\Users\szoke\Documents\BatteryDegradationAtlas\reports\discovery_run_zenodo_calce_flat_20260129_191346\disco_calce_cs2_36.log","0","1","0","0","1"
"calce_cs2_37.parquet","zn_coin_418_2_20231209234209_11_2","calce_cs2_37.parquet","0","635","71","-1","71","0","-",,"False","","3","2.865,3.981","C:\Users\szoke\Documents\BatteryDegradationAtlas\reports\discovery_run_zenodo_calce_flat_20260129_191346\disco_calce_cs2_37.log","0","1","0","0","0"
"calce_cs2_38.parquet","zn_coin_418_2_20231209234209_11_2","calce_cs2_38.parquet","0","671","154","179","70","-84","0.4559696793224953","0.4559696793224953","False","3","6","2.863,4.006","C:\Users\szoke\Documents\BatteryDegradationAtlas\reports\discovery_run_zenodo_calce_flat_20260129_191346\disco_calce_cs2_38.log","0","0","1","0","1"
"calce_cx2_16.parquet","zn_coin_418_2_20231209234209_11_2","calce_cx2_16.parquet","0","536","94","-1","94","0","0.06527704361045757","0.06527704361045757","False","3","4","2.809,4.083","C:\Users\szoke\Documents\BatteryDegradationAtlas\reports\discovery_run_zenodo_calce_flat_20260129_191346\disco_calce_cx2_16.log","0","0","0","0","0"
"calce_cx2_33.parquet","zn_coin_418_2_20231209234209_11_2","calce_cx2_33.parquet","0","1090","225","248","20","-205","0.3445905428884121","0.3445905428884121","False","0","5","2.799,4.048","C:\Users\szoke\Documents\BatteryDegradationAtlas\reports\discovery_run_zenodo_calce_flat_20260129_191346\disco_calce_cx2_33.log","0","0","1","0","1"
"calce_cx2_34.parquet","zn_coin_418_2_20231209234209_11_2","calce_cx2_34.parquet","0","85","68","-1","68","0","-",,"False","","4","2.746,3.987","C:\Users\szoke\Documents\BatteryDegradationAtlas\reports\discovery_run_zenodo_calce_flat_20260129_191346\disco_calce_cx2_34.log","0","1","0","0","0"
"calce_cx2_35.parquet","zn_coin_418_2_20231209234209_11_2","calce_cx2_35.parquet","0","1276","68","1012","68","0","0.20522882843309173","0.20522882843309173","False","0","5","2.799,4.055","C:\Users\szoke\Documents\BatteryDegradationAtlas\reports\discovery_run_zenodo_calce_flat_20260129_191346\disco_calce_cx2_35.log","0","0","1","0","0"
"calce_cx2_36.parquet","zn_coin_418_2_20231209234209_11_2","calce_cx2_36.parquet","0","1360","74","-1","74","0","-",,"True","","4","2.740,3.968","C:\Users\szoke\Documents\BatteryDegradationAtlas\reports\discovery_run_zenodo_calce_flat_20260129_191346\disco_calce_cx2_36.log","0","1","0","0","0"
"calce_cx2_37.parquet","zn_coin_418_2_20231209234209_11_2","calce_cx2_37.parquet","0","358","71","217","71","0","0.02703226447096883","0.02703226447096883","False","2","3","2.755,3.985","C:\Users\szoke\Documents\BatteryDegradationAtlas\reports\discovery_run_zenodo_calce_flat_20260129_191346\disco_calce_cx2_37.log","0","0","1","0","0"
"calce_cx2_38.parquet","zn_coin_418_2_20231209234209_11_2","calce_cx2_38.parquet","0","1270","77","-1","77","0","-",,"False","","4","2.739,3.982","C:\Users\szoke\Documents\BatteryDegradationAtlas\reports\discovery_run_zenodo_calce_flat_20260129_191346\disco_calce_cx2_38.log","0","1","0","0","0"
