"file","cell_id","exit_code","knee_cycle","eol_cycle_v4","warning_cycle","cap_proxy_discharge_first","cap_eol90_discharge_first","delta_cap_discharge_minus_v4","cap_base_discharge_first","cap_qmin_discharge_first","cap_reason_discharge_first","spearman_r_raw","spearman_r_num","constant_warn","degr_component","k_opt","v_range","log_path"
"calce_cs2_33.parquet","zn_coin_418_2_20231209234209_11_2","0","522","72","-1","discharge_swing(max-min)","11","-61","1.46573e-08","0","ok","0.3328201177351374","0.3328201177351374","True","0","4","2.999,4.063","C:\Users\szoke\Documents\BatteryDegradationAtlas\reports\discovery_run_zenodo_calce_flat_20260129_191346\disco_calce_cs2_33.log"
"calce_cs2_34.parquet","zn_coin_418_2_20231209234209_11_2","0","392","75","353","cycle_swing(max-min)","241","166","1.13447","0.437427","ok","0.13222549902552574","0.13222549902552574","False","0","4","3.015,4.026","C:\Users\szoke\Documents\BatteryDegradationAtlas\reports\discovery_run_zenodo_calce_flat_20260129_191346\disco_calce_cs2_34.log"
"calce_cs2_35.parquet","zn_coin_418_2_20231209234209_11_2","0","548","74","179","discharge_swing(max-min)","11","-63","9.43093e-07","0","ok","0.14902992168942036","0.14902992168942036","False","0","4","2.874,3.993","C:\Users\szoke\Documents\BatteryDegradationAtlas\reports\discovery_run_zenodo_calce_flat_20260129_191346\disco_calce_cs2_35.log"
"calce_cs2_36.parquet","zn_coin_418_2_20231209234209_11_2","0","581","233","-1","discharge_swing(max-min)","10","-223","1.24313e-06","0","ok","-","","False","","3","2.860,3.999","C:\Users\szoke\Documents\BatteryDegradationAtlas\reports\discovery_run_zenodo_calce_flat_20260129_191346\disco_calce_cs2_36.log"
"calce_cs2_37.parquet","zn_coin_418_2_20231209234209_11_2","0","635","71","-1","cycle_swing(max-min)","240","169","1.0906","0.155697","ok","-","","False","","3","2.865,3.981","C:\Users\szoke\Documents\BatteryDegradationAtlas\reports\discovery_run_zenodo_calce_flat_20260129_191346\disco_calce_cs2_37.log"
"calce_cs2_38.parquet","zn_coin_418_2_20231209234209_11_2","0","671","154","179","cycle_swing(max-min)","204","50","1.09827","0.255328","ok","0.4559696793224953","0.4559696793224953","False","3","6","2.863,4.006","C:\Users\szoke\Documents\BatteryDegradationAtlas\reports\discovery_run_zenodo_calce_flat_20260129_191346\disco_calce_cs2_38.log"
"calce_cx2_16.parquet","zn_coin_418_2_20231209234209_11_2","0","536","94","-1","cycle_swing(max-min)","701","607","1.24565","0.636069","ok","0.06527704361045757","0.06527704361045757","False","3","4","2.809,4.083","C:\Users\szoke\Documents\BatteryDegradationAtlas\reports\discovery_run_zenodo_calce_flat_20260129_191346\disco_calce_cx2_16.log"
"calce_cx2_33.parquet","zn_coin_418_2_20231209234209_11_2","0","1090","225","248","discharge_swing(max-min)","10","-215","1.04726e-08","0","ok","0.3445905428884121","0.3445905428884121","False","0","5","2.799,4.048","C:\Users\szoke\Documents\BatteryDegradationAtlas\reports\discovery_run_zenodo_calce_flat_20260129_191346\disco_calce_cx2_33.log"
"calce_cx2_34.parquet","zn_coin_418_2_20231209234209_11_2","0","85","68","-1","discharge_swing(max-min)","12","-56","2.48459e-06","0","ok","-","","False","","4","2.746,3.987","C:\Users\szoke\Documents\BatteryDegradationAtlas\reports\discovery_run_zenodo_calce_flat_20260129_191346\disco_calce_cx2_34.log"
"calce_cx2_35.parquet","zn_coin_418_2_20231209234209_11_2","0","1276","68","1012","cycle_swing(max-min)","347","279","1.33456","0.399285","ok","0.20522882843309173","0.20522882843309173","False","0","5","2.799,4.055","C:\Users\szoke\Documents\BatteryDegradationAtlas\reports\discovery_run_zenodo_calce_flat_20260129_191346\disco_calce_cx2_35.log"
"calce_cx2_36.parquet","zn_coin_418_2_20231209234209_11_2","0","1360","74","-1","cycle_swing(max-min)","147","73","1.31832","0.394722","ok","-","","True","","4","2.740,3.968","C:\Users\szoke\Documents\BatteryDegradationAtlas\reports\discovery_run_zenodo_calce_flat_20260129_191346\disco_calce_cx2_36.log"
"calce_cx2_37.parquet","zn_coin_418_2_20231209234209_11_2","0","358","71","217","discharge_swing(max-min)","-1","-72","NA","NA","bad_base","0.02703226447096883","0.02703226447096883","False","2","3","2.755,3.985","C:\Users\szoke\Documents\BatteryDegradationAtlas\reports\discovery_run_zenodo_calce_flat_20260129_191346\disco_calce_cx2_37.log"
"calce_cx2_38.parquet","zn_coin_418_2_20231209234209_11_2","0","1270","77","-1","cycle_swing(max-min)","196","119","1.34371","0.205085","ok","-","","False","","4","2.739,3.982","C:\Users\szoke\Documents\BatteryDegradationAtlas\reports\discovery_run_zenodo_calce_flat_20260129_191346\disco_calce_cx2_38.log"
