"dataset","file","cell_id","exit_code","parse_ok","spearman_r_num","warning_cycle","lead_knee","lead_eol","knee_cycle","eol_cycle_v4","out_base","log_path"
"zenodo_na_ion","na_ion_270040_1_1_64.log.parquet","na_ion_270040_1_1_64.log","0","0",,,,,,,"NA","C:\Users\szoke\Documents\BatteryDegradationAtlas\reports\discovery_run_zenodo_na_ion_20260203_093654\logs\na_ion_270040_1_1_64.log.txt"
"zenodo_na_ion","na_ion_270040_1_2_63.log.parquet","na_ion_270040_1_2_63.log","0","0",,,,,,,"NA","C:\Users\szoke\Documents\BatteryDegradationAtlas\reports\discovery_run_zenodo_na_ion_20260203_093654\logs\na_ion_270040_1_2_63.log.txt"
"zenodo_na_ion","na_ion_270040_1_3_62.log.parquet","na_ion_270040_1_3_62.log","0","0",,,,,,,"NA","C:\Users\szoke\Documents\BatteryDegradationAtlas\reports\discovery_run_zenodo_na_ion_20260203_093654\logs\na_ion_270040_1_3_62.log.txt"
"zenodo_na_ion","na_ion_270040_1_4_61.log.parquet","na_ion_270040_1_4_61.log","0","0",,,,,,,"NA","C:\Users\szoke\Documents\BatteryDegradationAtlas\reports\discovery_run_zenodo_na_ion_20260203_093654\logs\na_ion_270040_1_4_61.log.txt"
"zenodo_na_ion","na_ion_270040_1_5_60.log.parquet","na_ion_270040_1_5_60.log","0","0",,,,,,,"NA","C:\Users\szoke\Documents\BatteryDegradationAtlas\reports\discovery_run_zenodo_na_ion_20260203_093654\logs\na_ion_270040_1_5_60.log.txt"
"zenodo_na_ion","na_ion_270040_1_6_59.log.parquet","na_ion_270040_1_6_59.log","0","0",,,,,,,"NA","C:\Users\szoke\Documents\BatteryDegradationAtlas\reports\discovery_run_zenodo_na_ion_20260203_093654\logs\na_ion_270040_1_6_59.log.txt"
"zenodo_na_ion","na_ion_270040_1_7_58.log.parquet","na_ion_270040_1_7_58.log","0","0",,,,,,,"NA","C:\Users\szoke\Documents\BatteryDegradationAtlas\reports\discovery_run_zenodo_na_ion_20260203_093654\logs\na_ion_270040_1_7_58.log.txt"
"zenodo_na_ion","na_ion_270040_1_8_57.log.parquet","na_ion_270040_1_8_57.log","0","0",,,,,,,"NA","C:\Users\szoke\Documents\BatteryDegradationAtlas\reports\discovery_run_zenodo_na_ion_20260203_093654\logs\na_ion_270040_1_8_57.log.txt"
"zenodo_na_ion","na_ion_270040_2_1_12.log.parquet","na_ion_270040_2_1_12.log","0","0",,,,,,,"NA","C:\Users\szoke\Documents\BatteryDegradationAtlas\reports\discovery_run_zenodo_na_ion_20260203_093654\logs\na_ion_270040_2_1_12.log.txt"
"zenodo_na_ion","na_ion_270040_2_2_12.log.parquet","na_ion_270040_2_2_12.log","0","0",,,,,,,"NA","C:\Users\szoke\Documents\BatteryDegradationAtlas\reports\discovery_run_zenodo_na_ion_20260203_093654\logs\na_ion_270040_2_2_12.log.txt"
"zenodo_na_ion","na_ion_270040_2_3_12.log.parquet","na_ion_270040_2_3_12.log","0","0",,,,,,,"NA","C:\Users\szoke\Documents\BatteryDegradationAtlas\reports\discovery_run_zenodo_na_ion_20260203_093654\logs\na_ion_270040_2_3_12.log.txt"
"zenodo_na_ion","na_ion_270040_2_4_12.log.parquet","na_ion_270040_2_4_12.log","0","0",,,,,,,"NA","C:\Users\szoke\Documents\BatteryDegradationAtlas\reports\discovery_run_zenodo_na_ion_20260203_093654\logs\na_ion_270040_2_4_12.log.txt"
"zenodo_na_ion","na_ion_270040_2_5_12.log.parquet","na_ion_270040_2_5_12.log","0","0",,,,,,,"NA","C:\Users\szoke\Documents\BatteryDegradationAtlas\reports\discovery_run_zenodo_na_ion_20260203_093654\logs\na_ion_270040_2_5_12.log.txt"
"zenodo_na_ion","na_ion_270040_2_6_12.log.parquet","na_ion_270040_2_6_12.log","0","0",,,,,,,"NA","C:\Users\szoke\Documents\BatteryDegradationAtlas\reports\discovery_run_zenodo_na_ion_20260203_093654\logs\na_ion_270040_2_6_12.log.txt"
"zenodo_na_ion","na_ion_270040_2_7_12.log.parquet","na_ion_270040_2_7_12.log","0","0",,,,,,,"NA","C:\Users\szoke\Documents\BatteryDegradationAtlas\reports\discovery_run_zenodo_na_ion_20260203_093654\logs\na_ion_270040_2_7_12.log.txt"
"zenodo_na_ion","na_ion_270040_2_8_12.log.parquet","na_ion_270040_2_8_12.log","0","0",,,,,,,"NA","C:\Users\szoke\Documents\BatteryDegradationAtlas\reports\discovery_run_zenodo_na_ion_20260203_093654\logs\na_ion_270040_2_8_12.log.txt"
"zenodo_na_ion","na_ion_270040_3_1_56.log.parquet","na_ion_270040_3_1_56.log","0","0",,,,,,,"NA","C:\Users\szoke\Documents\BatteryDegradationAtlas\reports\discovery_run_zenodo_na_ion_20260203_093654\logs\na_ion_270040_3_1_56.log.txt"
"zenodo_na_ion","na_ion_270040_3_2_55.log.parquet","na_ion_270040_3_2_55.log","0","0",,,,,,,"NA","C:\Users\szoke\Documents\BatteryDegradationAtlas\reports\discovery_run_zenodo_na_ion_20260203_093654\logs\na_ion_270040_3_2_55.log.txt"
"zenodo_na_ion","na_ion_270040_3_3_54.log.parquet","na_ion_270040_3_3_54.log","0","0",,,,,,,"NA","C:\Users\szoke\Documents\BatteryDegradationAtlas\reports\discovery_run_zenodo_na_ion_20260203_093654\logs\na_ion_270040_3_3_54.log.txt"
"zenodo_na_ion","na_ion_270040_3_4_53.log.parquet","na_ion_270040_3_4_53.log","0","0",,,,,,,"NA","C:\Users\szoke\Documents\BatteryDegradationAtlas\reports\discovery_run_zenodo_na_ion_20260203_093654\logs\na_ion_270040_3_4_53.log.txt"
"zenodo_na_ion","na_ion_270040_3_5_52.log.parquet","na_ion_270040_3_5_52.log","0","0",,,,,,,"NA","C:\Users\szoke\Documents\BatteryDegradationAtlas\reports\discovery_run_zenodo_na_ion_20260203_093654\logs\na_ion_270040_3_5_52.log.txt"
"zenodo_na_ion","na_ion_270040_3_6_51.log.parquet","na_ion_270040_3_6_51.log","0","0",,,,,,,"NA","C:\Users\szoke\Documents\BatteryDegradationAtlas\reports\discovery_run_zenodo_na_ion_20260203_093654\logs\na_ion_270040_3_6_51.log.txt"
"zenodo_na_ion","na_ion_270040_3_7_50.log.parquet","na_ion_270040_3_7_50.log","0","0",,,,,,,"NA","C:\Users\szoke\Documents\BatteryDegradationAtlas\reports\discovery_run_zenodo_na_ion_20260203_093654\logs\na_ion_270040_3_7_50.log.txt"
"zenodo_na_ion","na_ion_270040_3_8_49.log.parquet","na_ion_270040_3_8_49.log","0","0",,,,,,,"NA","C:\Users\szoke\Documents\BatteryDegradationAtlas\reports\discovery_run_zenodo_na_ion_20260203_093654\logs\na_ion_270040_3_8_49.log.txt"
"zenodo_na_ion","na_ion_270040_4_1_48.log.parquet","na_ion_270040_4_1_48.log","0","0",,,,,,,"NA","C:\Users\szoke\Documents\BatteryDegradationAtlas\reports\discovery_run_zenodo_na_ion_20260203_093654\logs\na_ion_270040_4_1_48.log.txt"
"zenodo_na_ion","na_ion_270040_4_2_47.log.parquet","na_ion_270040_4_2_47.log","0","0",,,,,,,"NA","C:\Users\szoke\Documents\BatteryDegradationAtlas\reports\discovery_run_zenodo_na_ion_20260203_093654\logs\na_ion_270040_4_2_47.log.txt"
"zenodo_na_ion","na_ion_270040_4_3_46.log.parquet","na_ion_270040_4_3_46.log","0","0",,,,,,,"NA","C:\Users\szoke\Documents\BatteryDegradationAtlas\reports\discovery_run_zenodo_na_ion_20260203_093654\logs\na_ion_270040_4_3_46.log.txt"
"zenodo_na_ion","na_ion_270040_4_4_45.log.parquet","na_ion_270040_4_4_45.log","0","0",,,,,,,"NA","C:\Users\szoke\Documents\BatteryDegradationAtlas\reports\discovery_run_zenodo_na_ion_20260203_093654\logs\na_ion_270040_4_4_45.log.txt"
"zenodo_na_ion","na_ion_270040_4_5_44.log.parquet","na_ion_270040_4_5_44.log","0","0",,,,,,,"NA","C:\Users\szoke\Documents\BatteryDegradationAtlas\reports\discovery_run_zenodo_na_ion_20260203_093654\logs\na_ion_270040_4_5_44.log.txt"
"zenodo_na_ion","na_ion_270040_4_6_43.log.parquet","na_ion_270040_4_6_43.log","0","0",,,,,,,"NA","C:\Users\szoke\Documents\BatteryDegradationAtlas\reports\discovery_run_zenodo_na_ion_20260203_093654\logs\na_ion_270040_4_6_43.log.txt"
"zenodo_na_ion","na_ion_270040_4_7_42.log.parquet","na_ion_270040_4_7_42.log","0","0",,,,,,,"NA","C:\Users\szoke\Documents\BatteryDegradationAtlas\reports\discovery_run_zenodo_na_ion_20260203_093654\logs\na_ion_270040_4_7_42.log.txt"
"zenodo_na_ion","na_ion_270040_4_8_41.log.parquet","na_ion_270040_4_8_41.log","0","0",,,,,,,"NA","C:\Users\szoke\Documents\BatteryDegradationAtlas\reports\discovery_run_zenodo_na_ion_20260203_093654\logs\na_ion_270040_4_8_41.log.txt"
"zenodo_na_ion","na_ion_270040_5_1_39.log.parquet","na_ion_270040_5_1_39.log","0","0",,,,,,,"NA","C:\Users\szoke\Documents\BatteryDegradationAtlas\reports\discovery_run_zenodo_na_ion_20260203_093654\logs\na_ion_270040_5_1_39.log.txt"
"zenodo_na_ion","na_ion_270040_5_2_38.log.parquet","na_ion_270040_5_2_38.log","0","0",,,,,,,"NA","C:\Users\szoke\Documents\BatteryDegradationAtlas\reports\discovery_run_zenodo_na_ion_20260203_093654\logs\na_ion_270040_5_2_38.log.txt"
"zenodo_na_ion","na_ion_270040_5_3_37.log.parquet","na_ion_270040_5_3_37.log","0","0",,,,,,,"NA","C:\Users\szoke\Documents\BatteryDegradationAtlas\reports\discovery_run_zenodo_na_ion_20260203_093654\logs\na_ion_270040_5_3_37.log.txt"
"zenodo_na_ion","na_ion_270040_5_4_36.log.parquet","na_ion_270040_5_4_36.log","0","0",,,,,,,"NA","C:\Users\szoke\Documents\BatteryDegradationAtlas\reports\discovery_run_zenodo_na_ion_20260203_093654\logs\na_ion_270040_5_4_36.log.txt"
"zenodo_na_ion","na_ion_270040_5_5_35.log.parquet","na_ion_270040_5_5_35.log","0","0",,,,,,,"NA","C:\Users\szoke\Documents\BatteryDegradationAtlas\reports\discovery_run_zenodo_na_ion_20260203_093654\logs\na_ion_270040_5_5_35.log.txt"
"zenodo_na_ion","na_ion_270040_5_6_34.log.parquet","na_ion_270040_5_6_34.log","0","0",,,,,,,"NA","C:\Users\szoke\Documents\BatteryDegradationAtlas\reports\discovery_run_zenodo_na_ion_20260203_093654\logs\na_ion_270040_5_6_34.log.txt"
"zenodo_na_ion","na_ion_270040_5_7_33.log.parquet","na_ion_270040_5_7_33.log","0","0",,,,,,,"NA","C:\Users\szoke\Documents\BatteryDegradationAtlas\reports\discovery_run_zenodo_na_ion_20260203_093654\logs\na_ion_270040_5_7_33.log.txt"
"zenodo_na_ion","na_ion_270040_5_8_32.log.parquet","na_ion_270040_5_8_32.log","0","0",,,,,,,"NA","C:\Users\szoke\Documents\BatteryDegradationAtlas\reports\discovery_run_zenodo_na_ion_20260203_093654\logs\na_ion_270040_5_8_32.log.txt"
"zenodo_na_ion","na_ion_270040_6_1_31.log.parquet","na_ion_270040_6_1_31.log","0","0",,,,,,,"NA","C:\Users\szoke\Documents\BatteryDegradationAtlas\reports\discovery_run_zenodo_na_ion_20260203_093654\logs\na_ion_270040_6_1_31.log.txt"
"zenodo_na_ion","na_ion_270040_6_2_30.log.parquet","na_ion_270040_6_2_30.log","0","0",,,,,,,"NA","C:\Users\szoke\Documents\BatteryDegradationAtlas\reports\discovery_run_zenodo_na_ion_20260203_093654\logs\na_ion_270040_6_2_30.log.txt"
"zenodo_na_ion","na_ion_270040_6_3_29.log.parquet","na_ion_270040_6_3_29.log","0","0",,,,,,,"NA","C:\Users\szoke\Documents\BatteryDegradationAtlas\reports\discovery_run_zenodo_na_ion_20260203_093654\logs\na_ion_270040_6_3_29.log.txt"
"zenodo_na_ion","na_ion_270040_6_4_28.log.parquet","na_ion_270040_6_4_28.log","0","0",,,,,,,"NA","C:\Users\szoke\Documents\BatteryDegradationAtlas\reports\discovery_run_zenodo_na_ion_20260203_093654\logs\na_ion_270040_6_4_28.log.txt"
"zenodo_na_ion","na_ion_270040_6_5_27.log.parquet","na_ion_270040_6_5_27.log","0","0",,,,,,,"NA","C:\Users\szoke\Documents\BatteryDegradationAtlas\reports\discovery_run_zenodo_na_ion_20260203_093654\logs\na_ion_270040_6_5_27.log.txt"
"zenodo_na_ion","na_ion_270040_6_6_26.log.parquet","na_ion_270040_6_6_26.log","0","0",,,,,,,"NA","C:\Users\szoke\Documents\BatteryDegradationAtlas\reports\discovery_run_zenodo_na_ion_20260203_093654\logs\na_ion_270040_6_6_26.log.txt"
"zenodo_na_ion","na_ion_270040_6_7_25.log.parquet","na_ion_270040_6_7_25.log","0","0",,,,,,,"NA","C:\Users\szoke\Documents\BatteryDegradationAtlas\reports\discovery_run_zenodo_na_ion_20260203_093654\logs\na_ion_270040_6_7_25.log.txt"
"zenodo_na_ion","na_ion_270040_6_8_24.log.parquet","na_ion_270040_6_8_24.log","0","0",,,,,,,"NA","C:\Users\szoke\Documents\BatteryDegradationAtlas\reports\discovery_run_zenodo_na_ion_20260203_093654\logs\na_ion_270040_6_8_24.log.txt"
"zenodo_na_ion","na_ion_270040_7_1_23.log.parquet","na_ion_270040_7_1_23.log","0","0",,,,,,,"NA","C:\Users\szoke\Documents\BatteryDegradationAtlas\reports\discovery_run_zenodo_na_ion_20260203_093654\logs\na_ion_270040_7_1_23.log.txt"
"zenodo_na_ion","na_ion_270040_7_2_22.log.parquet","na_ion_270040_7_2_22.log","0","0",,,,,,,"NA","C:\Users\szoke\Documents\BatteryDegradationAtlas\reports\discovery_run_zenodo_na_ion_20260203_093654\logs\na_ion_270040_7_2_22.log.txt"
"zenodo_na_ion","na_ion_270040_7_3_21.log.parquet","na_ion_270040_7_3_21.log","0","0",,,,,,,"NA","C:\Users\szoke\Documents\BatteryDegradationAtlas\reports\discovery_run_zenodo_na_ion_20260203_093654\logs\na_ion_270040_7_3_21.log.txt"
"zenodo_na_ion","na_ion_270040_8_1_20.log.parquet","na_ion_270040_8_1_20.log","0","0",,,,,,,"NA","C:\Users\szoke\Documents\BatteryDegradationAtlas\reports\discovery_run_zenodo_na_ion_20260203_093654\logs\na_ion_270040_8_1_20.log.txt"
"zenodo_na_ion","na_ion_270040_8_2_19.log.parquet","na_ion_270040_8_2_19.log","0","0",,,,,,,"NA","C:\Users\szoke\Documents\BatteryDegradationAtlas\reports\discovery_run_zenodo_na_ion_20260203_093654\logs\na_ion_270040_8_2_19.log.txt"
"zenodo_na_ion","na_ion_270040_8_3_18.log.parquet","na_ion_270040_8_3_18.log","0","0",,,,,,,"NA","C:\Users\szoke\Documents\BatteryDegradationAtlas\reports\discovery_run_zenodo_na_ion_20260203_093654\logs\na_ion_270040_8_3_18.log.txt"
"zenodo_na_ion","na_ion_270040_8_4_17.log.parquet","na_ion_270040_8_4_17.log","0","0",,,,,,,"NA","C:\Users\szoke\Documents\BatteryDegradationAtlas\reports\discovery_run_zenodo_na_ion_20260203_093654\logs\na_ion_270040_8_4_17.log.txt"
"zenodo_na_ion","na_ion_270040_8_5_16.log.parquet","na_ion_270040_8_5_16.log","0","0",,,,,,,"NA","C:\Users\szoke\Documents\BatteryDegradationAtlas\reports\discovery_run_zenodo_na_ion_20260203_093654\logs\na_ion_270040_8_5_16.log.txt"
"zenodo_na_ion","na_ion_270040_8_6_15.log.parquet","na_ion_270040_8_6_15.log","0","0",,,,,,,"NA","C:\Users\szoke\Documents\BatteryDegradationAtlas\reports\discovery_run_zenodo_na_ion_20260203_093654\logs\na_ion_270040_8_6_15.log.txt"
"zenodo_na_ion","na_ion_270040_8_7_14.log.parquet","na_ion_270040_8_7_14.log","0","0",,,,,,,"NA","C:\Users\szoke\Documents\BatteryDegradationAtlas\reports\discovery_run_zenodo_na_ion_20260203_093654\logs\na_ion_270040_8_7_14.log.txt"
"zenodo_na_ion","na_ion_270040_8_8_13.log.parquet","na_ion_270040_8_8_13.log","0","0",,,,,,,"NA","C:\Users\szoke\Documents\BatteryDegradationAtlas\reports\discovery_run_zenodo_na_ion_20260203_093654\logs\na_ion_270040_8_8_13.log.txt"
"zenodo_na_ion","na_ion_2850_30_20250117105706_defaultgroup_45_2.log.parquet","na_ion_2850_30_20250117105706_defaultgroup_45_2.log","0","0",,,,,,,"NA","C:\Users\szoke\Documents\BatteryDegradationAtlas\reports\discovery_run_zenodo_na_ion_20260203_093654\logs\na_ion_2850_30_20250117105706_defaultgroup_45_2.log.txt"
"zenodo_na_ion","na_ion_4000_30_20250115110206_defaultgroup_45_1.log.parquet","na_ion_4000_30_20250115110206_defaultgroup_45_1.log","0","0",,,,,,,"NA","C:\Users\szoke\Documents\BatteryDegradationAtlas\reports\discovery_run_zenodo_na_ion_20260203_093654\logs\na_ion_4000_30_20250115110206_defaultgroup_45_1.log.txt"
"zenodo_na_ion","na_ion_4500_30_20250114232539_defaultgroup_45_8.log.parquet","na_ion_4500_30_20250114232539_defaultgroup_45_8.log","0","0",,,,,,,"NA","C:\Users\szoke\Documents\BatteryDegradationAtlas\reports\discovery_run_zenodo_na_ion_20260203_093654\logs\na_ion_4500_30_20250114232539_defaultgroup_45_8.log.txt"
"zenodo_na_ion","na_ion_5000_25_20250115110326_defaultgroup_38_1.log.parquet","na_ion_5000_25_20250115110326_defaultgroup_38_1.log","0","0",,,,,,,"NA","C:\Users\szoke\Documents\BatteryDegradationAtlas\reports\discovery_run_zenodo_na_ion_20260203_093654\logs\na_ion_5000_25_20250115110326_defaultgroup_38_1.log.txt"
"zenodo_na_ion","na_ion_5000_25_20250115110326_defaultgroup_38_2.log.parquet","na_ion_5000_25_20250115110326_defaultgroup_38_2.log","0","0",,,,,,,"NA","C:\Users\szoke\Documents\BatteryDegradationAtlas\reports\discovery_run_zenodo_na_ion_20260203_093654\logs\na_ion_5000_25_20250115110326_defaultgroup_38_2.log.txt"
