"dataset","file","cell_id","exit_code","parse_ok","spearman_r_num","warning_cycle","lead_knee","lead_eol","knee_cycle","eol_cycle_v4","out_base","log_path"
"zenodo_isu_ilcc","isu_ilcc_g10c1.log.parquet","isu_ilcc_g10c1.log","0","0",,,,,,,"NA","C:\Users\szoke\Documents\BatteryDegradationAtlas\reports\discovery_run_zenodo_isu_ilcc_20260203_085731\logs\isu_ilcc_g10c1.log.txt"
"zenodo_isu_ilcc","isu_ilcc_g10c2.log.parquet","isu_ilcc_g10c2.log","0","0",,,,,,,"NA","C:\Users\szoke\Documents\BatteryDegradationAtlas\reports\discovery_run_zenodo_isu_ilcc_20260203_085731\logs\isu_ilcc_g10c2.log.txt"
"zenodo_isu_ilcc","isu_ilcc_g10c3.log.parquet","isu_ilcc_g10c3.log","0","0",,,,,,,"NA","C:\Users\szoke\Documents\BatteryDegradationAtlas\reports\discovery_run_zenodo_isu_ilcc_20260203_085731\logs\isu_ilcc_g10c3.log.txt"
"zenodo_isu_ilcc","isu_ilcc_g10c4.log.parquet","isu_ilcc_g10c4.log","0","0",,,,,,,"NA","C:\Users\szoke\Documents\BatteryDegradationAtlas\reports\discovery_run_zenodo_isu_ilcc_20260203_085731\logs\isu_ilcc_g10c4.log.txt"
"zenodo_isu_ilcc","isu_ilcc_g12c1.log.parquet","isu_ilcc_g12c1.log","0","0",,,,,,,"NA","C:\Users\szoke\Documents\BatteryDegradationAtlas\reports\discovery_run_zenodo_isu_ilcc_20260203_085731\logs\isu_ilcc_g12c1.log.txt"
"zenodo_isu_ilcc","isu_ilcc_g12c2.log.parquet","isu_ilcc_g12c2.log","0","0",,,,,,,"NA","C:\Users\szoke\Documents\BatteryDegradationAtlas\reports\discovery_run_zenodo_isu_ilcc_20260203_085731\logs\isu_ilcc_g12c2.log.txt"
"zenodo_isu_ilcc","isu_ilcc_g12c3.log.parquet","isu_ilcc_g12c3.log","0","0",,,,,,,"NA","C:\Users\szoke\Documents\BatteryDegradationAtlas\reports\discovery_run_zenodo_isu_ilcc_20260203_085731\logs\isu_ilcc_g12c3.log.txt"
"zenodo_isu_ilcc","isu_ilcc_g12c4.log.parquet","isu_ilcc_g12c4.log","0","0",,,,,,,"NA","C:\Users\szoke\Documents\BatteryDegradationAtlas\reports\discovery_run_zenodo_isu_ilcc_20260203_085731\logs\isu_ilcc_g12c4.log.txt"
"zenodo_isu_ilcc","isu_ilcc_g13c1.log.parquet","isu_ilcc_g13c1.log","0","0",,,,,,,"NA","C:\Users\szoke\Documents\BatteryDegradationAtlas\reports\discovery_run_zenodo_isu_ilcc_20260203_085731\logs\isu_ilcc_g13c1.log.txt"
"zenodo_isu_ilcc","isu_ilcc_g13c2.log.parquet","isu_ilcc_g13c2.log","0","0",,,,,,,"NA","C:\Users\szoke\Documents\BatteryDegradationAtlas\reports\discovery_run_zenodo_isu_ilcc_20260203_085731\logs\isu_ilcc_g13c2.log.txt"
"zenodo_isu_ilcc","isu_ilcc_g13c3.log.parquet","isu_ilcc_g13c3.log","0","0",,,,,,,"NA","C:\Users\szoke\Documents\BatteryDegradationAtlas\reports\discovery_run_zenodo_isu_ilcc_20260203_085731\logs\isu_ilcc_g13c3.log.txt"
"zenodo_isu_ilcc","isu_ilcc_g13c4.log.parquet","isu_ilcc_g13c4.log","0","0",,,,,,,"NA","C:\Users\szoke\Documents\BatteryDegradationAtlas\reports\discovery_run_zenodo_isu_ilcc_20260203_085731\logs\isu_ilcc_g13c4.log.txt"
"zenodo_isu_ilcc","isu_ilcc_g14c1.log.parquet","isu_ilcc_g14c1.log","0","0",,,,,,,"NA","C:\Users\szoke\Documents\BatteryDegradationAtlas\reports\discovery_run_zenodo_isu_ilcc_20260203_085731\logs\isu_ilcc_g14c1.log.txt"
"zenodo_isu_ilcc","isu_ilcc_g14c2.log.parquet","isu_ilcc_g14c2.log","0","0",,,,,,,"NA","C:\Users\szoke\Documents\BatteryDegradationAtlas\reports\discovery_run_zenodo_isu_ilcc_20260203_085731\logs\isu_ilcc_g14c2.log.txt"
"zenodo_isu_ilcc","isu_ilcc_g14c3.log.parquet","isu_ilcc_g14c3.log","0","0",,,,,,,"NA","C:\Users\szoke\Documents\BatteryDegradationAtlas\reports\discovery_run_zenodo_isu_ilcc_20260203_085731\logs\isu_ilcc_g14c3.log.txt"
"zenodo_isu_ilcc","isu_ilcc_g14c4.log.parquet","isu_ilcc_g14c4.log","0","0",,,,,,,"NA","C:\Users\szoke\Documents\BatteryDegradationAtlas\reports\discovery_run_zenodo_isu_ilcc_20260203_085731\logs\isu_ilcc_g14c4.log.txt"
"zenodo_isu_ilcc","isu_ilcc_g16c1.log.parquet","isu_ilcc_g16c1.log","0","0",,,,,,,"NA","C:\Users\szoke\Documents\BatteryDegradationAtlas\reports\discovery_run_zenodo_isu_ilcc_20260203_085731\logs\isu_ilcc_g16c1.log.txt"
"zenodo_isu_ilcc","isu_ilcc_g16c2.log.parquet","isu_ilcc_g16c2.log","0","0",,,,,,,"NA","C:\Users\szoke\Documents\BatteryDegradationAtlas\reports\discovery_run_zenodo_isu_ilcc_20260203_085731\logs\isu_ilcc_g16c2.log.txt"
"zenodo_isu_ilcc","isu_ilcc_g16c3.log.parquet","isu_ilcc_g16c3.log","0","0",,,,,,,"NA","C:\Users\szoke\Documents\BatteryDegradationAtlas\reports\discovery_run_zenodo_isu_ilcc_20260203_085731\logs\isu_ilcc_g16c3.log.txt"
"zenodo_isu_ilcc","isu_ilcc_g16c4.log.parquet","isu_ilcc_g16c4.log","0","0",,,,,,,"NA","C:\Users\szoke\Documents\BatteryDegradationAtlas\reports\discovery_run_zenodo_isu_ilcc_20260203_085731\logs\isu_ilcc_g16c4.log.txt"
"zenodo_isu_ilcc","isu_ilcc_g17c1.log.parquet","isu_ilcc_g17c1.log","0","0",,,,,,,"NA","C:\Users\szoke\Documents\BatteryDegradationAtlas\reports\discovery_run_zenodo_isu_ilcc_20260203_085731\logs\isu_ilcc_g17c1.log.txt"
"zenodo_isu_ilcc","isu_ilcc_g17c2.log.parquet","isu_ilcc_g17c2.log","0","0",,,,,,,"NA","C:\Users\szoke\Documents\BatteryDegradationAtlas\reports\discovery_run_zenodo_isu_ilcc_20260203_085731\logs\isu_ilcc_g17c2.log.txt"
"zenodo_isu_ilcc","isu_ilcc_g17c3.log.parquet","isu_ilcc_g17c3.log","0","0",,,,,,,"NA","C:\Users\szoke\Documents\BatteryDegradationAtlas\reports\discovery_run_zenodo_isu_ilcc_20260203_085731\logs\isu_ilcc_g17c3.log.txt"
"zenodo_isu_ilcc","isu_ilcc_g17c4.log.parquet","isu_ilcc_g17c4.log","0","0",,,,,,,"NA","C:\Users\szoke\Documents\BatteryDegradationAtlas\reports\discovery_run_zenodo_isu_ilcc_20260203_085731\logs\isu_ilcc_g17c4.log.txt"
"zenodo_isu_ilcc","isu_ilcc_g18c1.log.parquet","isu_ilcc_g18c1.log","0","0",,,,,,,"NA","C:\Users\szoke\Documents\BatteryDegradationAtlas\reports\discovery_run_zenodo_isu_ilcc_20260203_085731\logs\isu_ilcc_g18c1.log.txt"
"zenodo_isu_ilcc","isu_ilcc_g18c2.log.parquet","isu_ilcc_g18c2.log","0","0",,,,,,,"NA","C:\Users\szoke\Documents\BatteryDegradationAtlas\reports\discovery_run_zenodo_isu_ilcc_20260203_085731\logs\isu_ilcc_g18c2.log.txt"
"zenodo_isu_ilcc","isu_ilcc_g18c3.log.parquet","isu_ilcc_g18c3.log","0","0",,,,,,,"NA","C:\Users\szoke\Documents\BatteryDegradationAtlas\reports\discovery_run_zenodo_isu_ilcc_20260203_085731\logs\isu_ilcc_g18c3.log.txt"
"zenodo_isu_ilcc","isu_ilcc_g18c4.log.parquet","isu_ilcc_g18c4.log","0","0",,,,,,,"NA","C:\Users\szoke\Documents\BatteryDegradationAtlas\reports\discovery_run_zenodo_isu_ilcc_20260203_085731\logs\isu_ilcc_g18c4.log.txt"
"zenodo_isu_ilcc","isu_ilcc_g19c1.log.parquet","isu_ilcc_g19c1.log","0","0",,,,,,,"NA","C:\Users\szoke\Documents\BatteryDegradationAtlas\reports\discovery_run_zenodo_isu_ilcc_20260203_085731\logs\isu_ilcc_g19c1.log.txt"
"zenodo_isu_ilcc","isu_ilcc_g19c2.log.parquet","isu_ilcc_g19c2.log","0","0",,,,,,,"NA","C:\Users\szoke\Documents\BatteryDegradationAtlas\reports\discovery_run_zenodo_isu_ilcc_20260203_085731\logs\isu_ilcc_g19c2.log.txt"
"zenodo_isu_ilcc","isu_ilcc_g19c3.log.parquet","isu_ilcc_g19c3.log","0","0",,,,,,,"NA","C:\Users\szoke\Documents\BatteryDegradationAtlas\reports\discovery_run_zenodo_isu_ilcc_20260203_085731\logs\isu_ilcc_g19c3.log.txt"
"zenodo_isu_ilcc","isu_ilcc_g19c4.log.parquet","isu_ilcc_g19c4.log","0","0",,,,,,,"NA","C:\Users\szoke\Documents\BatteryDegradationAtlas\reports\discovery_run_zenodo_isu_ilcc_20260203_085731\logs\isu_ilcc_g19c4.log.txt"
"zenodo_isu_ilcc","isu_ilcc_g1c1.log.parquet","isu_ilcc_g1c1.log","0","0",,,,,,,"NA","C:\Users\szoke\Documents\BatteryDegradationAtlas\reports\discovery_run_zenodo_isu_ilcc_20260203_085731\logs\isu_ilcc_g1c1.log.txt"
"zenodo_isu_ilcc","isu_ilcc_g1c2.log.parquet","isu_ilcc_g1c2.log","0","0",,,,,,,"NA","C:\Users\szoke\Documents\BatteryDegradationAtlas\reports\discovery_run_zenodo_isu_ilcc_20260203_085731\logs\isu_ilcc_g1c2.log.txt"
"zenodo_isu_ilcc","isu_ilcc_g1c3.log.parquet","isu_ilcc_g1c3.log","0","0",,,,,,,"NA","C:\Users\szoke\Documents\BatteryDegradationAtlas\reports\discovery_run_zenodo_isu_ilcc_20260203_085731\logs\isu_ilcc_g1c3.log.txt"
"zenodo_isu_ilcc","isu_ilcc_g1c4.log.parquet","isu_ilcc_g1c4.log","0","0",,,,,,,"NA","C:\Users\szoke\Documents\BatteryDegradationAtlas\reports\discovery_run_zenodo_isu_ilcc_20260203_085731\logs\isu_ilcc_g1c4.log.txt"
"zenodo_isu_ilcc","isu_ilcc_g20c1.log.parquet","isu_ilcc_g20c1.log","0","0",,,,,,,"NA","C:\Users\szoke\Documents\BatteryDegradationAtlas\reports\discovery_run_zenodo_isu_ilcc_20260203_085731\logs\isu_ilcc_g20c1.log.txt"
"zenodo_isu_ilcc","isu_ilcc_g20c2.log.parquet","isu_ilcc_g20c2.log","0","0",,,,,,,"NA","C:\Users\szoke\Documents\BatteryDegradationAtlas\reports\discovery_run_zenodo_isu_ilcc_20260203_085731\logs\isu_ilcc_g20c2.log.txt"
"zenodo_isu_ilcc","isu_ilcc_g20c3.log.parquet","isu_ilcc_g20c3.log","0","0",,,,,,,"NA","C:\Users\szoke\Documents\BatteryDegradationAtlas\reports\discovery_run_zenodo_isu_ilcc_20260203_085731\logs\isu_ilcc_g20c3.log.txt"
"zenodo_isu_ilcc","isu_ilcc_g20c4.log.parquet","isu_ilcc_g20c4.log","0","0",,,,,,,"NA","C:\Users\szoke\Documents\BatteryDegradationAtlas\reports\discovery_run_zenodo_isu_ilcc_20260203_085731\logs\isu_ilcc_g20c4.log.txt"
"zenodo_isu_ilcc","isu_ilcc_g21c1.log.parquet","isu_ilcc_g21c1.log","0","0",,,,,,,"NA","C:\Users\szoke\Documents\BatteryDegradationAtlas\reports\discovery_run_zenodo_isu_ilcc_20260203_085731\logs\isu_ilcc_g21c1.log.txt"
"zenodo_isu_ilcc","isu_ilcc_g21c2.log.parquet","isu_ilcc_g21c2.log","0","0",,,,,,,"NA","C:\Users\szoke\Documents\BatteryDegradationAtlas\reports\discovery_run_zenodo_isu_ilcc_20260203_085731\logs\isu_ilcc_g21c2.log.txt"
"zenodo_isu_ilcc","isu_ilcc_g21c3.log.parquet","isu_ilcc_g21c3.log","0","0",,,,,,,"NA","C:\Users\szoke\Documents\BatteryDegradationAtlas\reports\discovery_run_zenodo_isu_ilcc_20260203_085731\logs\isu_ilcc_g21c3.log.txt"
"zenodo_isu_ilcc","isu_ilcc_g21c4.log.parquet","isu_ilcc_g21c4.log","0","0",,,,,,,"NA","C:\Users\szoke\Documents\BatteryDegradationAtlas\reports\discovery_run_zenodo_isu_ilcc_20260203_085731\logs\isu_ilcc_g21c4.log.txt"
"zenodo_isu_ilcc","isu_ilcc_g22c1.log.parquet","isu_ilcc_g22c1.log","0","0",,,,,,,"NA","C:\Users\szoke\Documents\BatteryDegradationAtlas\reports\discovery_run_zenodo_isu_ilcc_20260203_085731\logs\isu_ilcc_g22c1.log.txt"
"zenodo_isu_ilcc","isu_ilcc_g22c2.log.parquet","isu_ilcc_g22c2.log","0","0",,,,,,,"NA","C:\Users\szoke\Documents\BatteryDegradationAtlas\reports\discovery_run_zenodo_isu_ilcc_20260203_085731\logs\isu_ilcc_g22c2.log.txt"
"zenodo_isu_ilcc","isu_ilcc_g22c3.log.parquet","isu_ilcc_g22c3.log","0","0",,,,,,,"NA","C:\Users\szoke\Documents\BatteryDegradationAtlas\reports\discovery_run_zenodo_isu_ilcc_20260203_085731\logs\isu_ilcc_g22c3.log.txt"
"zenodo_isu_ilcc","isu_ilcc_g22c4.log.parquet","isu_ilcc_g22c4.log","0","0",,,,,,,"NA","C:\Users\szoke\Documents\BatteryDegradationAtlas\reports\discovery_run_zenodo_isu_ilcc_20260203_085731\logs\isu_ilcc_g22c4.log.txt"
"zenodo_isu_ilcc","isu_ilcc_g23c1.log.parquet","isu_ilcc_g23c1.log","0","0",,,,,,,"NA","C:\Users\szoke\Documents\BatteryDegradationAtlas\reports\discovery_run_zenodo_isu_ilcc_20260203_085731\logs\isu_ilcc_g23c1.log.txt"
"zenodo_isu_ilcc","isu_ilcc_g23c2.log.parquet","isu_ilcc_g23c2.log","0","0",,,,,,,"NA","C:\Users\szoke\Documents\BatteryDegradationAtlas\reports\discovery_run_zenodo_isu_ilcc_20260203_085731\logs\isu_ilcc_g23c2.log.txt"
"zenodo_isu_ilcc","isu_ilcc_g23c3.log.parquet","isu_ilcc_g23c3.log","0","0",,,,,,,"NA","C:\Users\szoke\Documents\BatteryDegradationAtlas\reports\discovery_run_zenodo_isu_ilcc_20260203_085731\logs\isu_ilcc_g23c3.log.txt"
"zenodo_isu_ilcc","isu_ilcc_g23c4.log.parquet","isu_ilcc_g23c4.log","0","0",,,,,,,"NA","C:\Users\szoke\Documents\BatteryDegradationAtlas\reports\discovery_run_zenodo_isu_ilcc_20260203_085731\logs\isu_ilcc_g23c4.log.txt"
"zenodo_isu_ilcc","isu_ilcc_g24c1.log.parquet","isu_ilcc_g24c1.log","0","0",,,,,,,"NA","C:\Users\szoke\Documents\BatteryDegradationAtlas\reports\discovery_run_zenodo_isu_ilcc_20260203_085731\logs\isu_ilcc_g24c1.log.txt"
"zenodo_isu_ilcc","isu_ilcc_g24c2.log.parquet","isu_ilcc_g24c2.log","0","0",,,,,,,"NA","C:\Users\szoke\Documents\BatteryDegradationAtlas\reports\discovery_run_zenodo_isu_ilcc_20260203_085731\logs\isu_ilcc_g24c2.log.txt"
"zenodo_isu_ilcc","isu_ilcc_g24c3.log.parquet","isu_ilcc_g24c3.log","0","0",,,,,,,"NA","C:\Users\szoke\Documents\BatteryDegradationAtlas\reports\discovery_run_zenodo_isu_ilcc_20260203_085731\logs\isu_ilcc_g24c3.log.txt"
"zenodo_isu_ilcc","isu_ilcc_g24c4.log.parquet","isu_ilcc_g24c4.log","0","0",,,,,,,"NA","C:\Users\szoke\Documents\BatteryDegradationAtlas\reports\discovery_run_zenodo_isu_ilcc_20260203_085731\logs\isu_ilcc_g24c4.log.txt"
"zenodo_isu_ilcc","isu_ilcc_g25c1.log.parquet","isu_ilcc_g25c1.log","0","0",,,,,,,"NA","C:\Users\szoke\Documents\BatteryDegradationAtlas\reports\discovery_run_zenodo_isu_ilcc_20260203_085731\logs\isu_ilcc_g25c1.log.txt"
"zenodo_isu_ilcc","isu_ilcc_g25c2.log.parquet","isu_ilcc_g25c2.log","0","0",,,,,,,"NA","C:\Users\szoke\Documents\BatteryDegradationAtlas\reports\discovery_run_zenodo_isu_ilcc_20260203_085731\logs\isu_ilcc_g25c2.log.txt"
"zenodo_isu_ilcc","isu_ilcc_g25c3.log.parquet","isu_ilcc_g25c3.log","0","0",,,,,,,"NA","C:\Users\szoke\Documents\BatteryDegradationAtlas\reports\discovery_run_zenodo_isu_ilcc_20260203_085731\logs\isu_ilcc_g25c3.log.txt"
"zenodo_isu_ilcc","isu_ilcc_g27c1.log.parquet","isu_ilcc_g27c1.log","0","0",,,,,,,"NA","C:\Users\szoke\Documents\BatteryDegradationAtlas\reports\discovery_run_zenodo_isu_ilcc_20260203_085731\logs\isu_ilcc_g27c1.log.txt"
"zenodo_isu_ilcc","isu_ilcc_g27c2.log.parquet","isu_ilcc_g27c2.log","0","0",,,,,,,"NA","C:\Users\szoke\Documents\BatteryDegradationAtlas\reports\discovery_run_zenodo_isu_ilcc_20260203_085731\logs\isu_ilcc_g27c2.log.txt"
"zenodo_isu_ilcc","isu_ilcc_g27c3.log.parquet","isu_ilcc_g27c3.log","0","0",,,,,,,"NA","C:\Users\szoke\Documents\BatteryDegradationAtlas\reports\discovery_run_zenodo_isu_ilcc_20260203_085731\logs\isu_ilcc_g27c3.log.txt"
"zenodo_isu_ilcc","isu_ilcc_g27c4.log.parquet","isu_ilcc_g27c4.log","0","0",,,,,,,"NA","C:\Users\szoke\Documents\BatteryDegradationAtlas\reports\discovery_run_zenodo_isu_ilcc_20260203_085731\logs\isu_ilcc_g27c4.log.txt"
"zenodo_isu_ilcc","isu_ilcc_g28c1.log.parquet","isu_ilcc_g28c1.log","0","0",,,,,,,"NA","C:\Users\szoke\Documents\BatteryDegradationAtlas\reports\discovery_run_zenodo_isu_ilcc_20260203_085731\logs\isu_ilcc_g28c1.log.txt"
"zenodo_isu_ilcc","isu_ilcc_g28c2.log.parquet","isu_ilcc_g28c2.log","0","0",,,,,,,"NA","C:\Users\szoke\Documents\BatteryDegradationAtlas\reports\discovery_run_zenodo_isu_ilcc_20260203_085731\logs\isu_ilcc_g28c2.log.txt"
"zenodo_isu_ilcc","isu_ilcc_g28c3.log.parquet","isu_ilcc_g28c3.log","0","0",,,,,,,"NA","C:\Users\szoke\Documents\BatteryDegradationAtlas\reports\discovery_run_zenodo_isu_ilcc_20260203_085731\logs\isu_ilcc_g28c3.log.txt"
"zenodo_isu_ilcc","isu_ilcc_g28c4.log.parquet","isu_ilcc_g28c4.log","0","0",,,,,,,"NA","C:\Users\szoke\Documents\BatteryDegradationAtlas\reports\discovery_run_zenodo_isu_ilcc_20260203_085731\logs\isu_ilcc_g28c4.log.txt"
"zenodo_isu_ilcc","isu_ilcc_g29c1.log.parquet","isu_ilcc_g29c1.log","0","0",,,,,,,"NA","C:\Users\szoke\Documents\BatteryDegradationAtlas\reports\discovery_run_zenodo_isu_ilcc_20260203_085731\logs\isu_ilcc_g29c1.log.txt"
"zenodo_isu_ilcc","isu_ilcc_g29c2.log.parquet","isu_ilcc_g29c2.log","0","0",,,,,,,"NA","C:\Users\szoke\Documents\BatteryDegradationAtlas\reports\discovery_run_zenodo_isu_ilcc_20260203_085731\logs\isu_ilcc_g29c2.log.txt"
"zenodo_isu_ilcc","isu_ilcc_g29c3.log.parquet","isu_ilcc_g29c3.log","0","0",,,,,,,"NA","C:\Users\szoke\Documents\BatteryDegradationAtlas\reports\discovery_run_zenodo_isu_ilcc_20260203_085731\logs\isu_ilcc_g29c3.log.txt"
"zenodo_isu_ilcc","isu_ilcc_g29c4.log.parquet","isu_ilcc_g29c4.log","0","0",,,,,,,"NA","C:\Users\szoke\Documents\BatteryDegradationAtlas\reports\discovery_run_zenodo_isu_ilcc_20260203_085731\logs\isu_ilcc_g29c4.log.txt"
"zenodo_isu_ilcc","isu_ilcc_g2c1.log.parquet","isu_ilcc_g2c1.log","0","0",,,,,,,"NA","C:\Users\szoke\Documents\BatteryDegradationAtlas\reports\discovery_run_zenodo_isu_ilcc_20260203_085731\logs\isu_ilcc_g2c1.log.txt"
"zenodo_isu_ilcc","isu_ilcc_g2c2.log.parquet","isu_ilcc_g2c2.log","0","0",,,,,,,"NA","C:\Users\szoke\Documents\BatteryDegradationAtlas\reports\discovery_run_zenodo_isu_ilcc_20260203_085731\logs\isu_ilcc_g2c2.log.txt"
"zenodo_isu_ilcc","isu_ilcc_g2c3.log.parquet","isu_ilcc_g2c3.log","0","0",,,,,,,"NA","C:\Users\szoke\Documents\BatteryDegradationAtlas\reports\discovery_run_zenodo_isu_ilcc_20260203_085731\logs\isu_ilcc_g2c3.log.txt"
"zenodo_isu_ilcc","isu_ilcc_g2c4.log.parquet","isu_ilcc_g2c4.log","0","0",,,,,,,"NA","C:\Users\szoke\Documents\BatteryDegradationAtlas\reports\discovery_run_zenodo_isu_ilcc_20260203_085731\logs\isu_ilcc_g2c4.log.txt"
"zenodo_isu_ilcc","isu_ilcc_g30c1.log.parquet","isu_ilcc_g30c1.log","0","0",,,,,,,"NA","C:\Users\szoke\Documents\BatteryDegradationAtlas\reports\discovery_run_zenodo_isu_ilcc_20260203_085731\logs\isu_ilcc_g30c1.log.txt"
"zenodo_isu_ilcc","isu_ilcc_g30c2.log.parquet","isu_ilcc_g30c2.log","0","0",,,,,,,"NA","C:\Users\szoke\Documents\BatteryDegradationAtlas\reports\discovery_run_zenodo_isu_ilcc_20260203_085731\logs\isu_ilcc_g30c2.log.txt"
"zenodo_isu_ilcc","isu_ilcc_g30c3.log.parquet","isu_ilcc_g30c3.log","0","0",,,,,,,"NA","C:\Users\szoke\Documents\BatteryDegradationAtlas\reports\discovery_run_zenodo_isu_ilcc_20260203_085731\logs\isu_ilcc_g30c3.log.txt"
"zenodo_isu_ilcc","isu_ilcc_g30c4.log.parquet","isu_ilcc_g30c4.log","0","0",,,,,,,"NA","C:\Users\szoke\Documents\BatteryDegradationAtlas\reports\discovery_run_zenodo_isu_ilcc_20260203_085731\logs\isu_ilcc_g30c4.log.txt"
"zenodo_isu_ilcc","isu_ilcc_g31c1.log.parquet","isu_ilcc_g31c1.log","0","0",,,,,,,"NA","C:\Users\szoke\Documents\BatteryDegradationAtlas\reports\discovery_run_zenodo_isu_ilcc_20260203_085731\logs\isu_ilcc_g31c1.log.txt"
"zenodo_isu_ilcc","isu_ilcc_g31c2.log.parquet","isu_ilcc_g31c2.log","0","0",,,,,,,"NA","C:\Users\szoke\Documents\BatteryDegradationAtlas\reports\discovery_run_zenodo_isu_ilcc_20260203_085731\logs\isu_ilcc_g31c2.log.txt"
"zenodo_isu_ilcc","isu_ilcc_g31c3.log.parquet","isu_ilcc_g31c3.log","0","0",,,,,,,"NA","C:\Users\szoke\Documents\BatteryDegradationAtlas\reports\discovery_run_zenodo_isu_ilcc_20260203_085731\logs\isu_ilcc_g31c3.log.txt"
"zenodo_isu_ilcc","isu_ilcc_g31c4.log.parquet","isu_ilcc_g31c4.log","0","0",,,,,,,"NA","C:\Users\szoke\Documents\BatteryDegradationAtlas\reports\discovery_run_zenodo_isu_ilcc_20260203_085731\logs\isu_ilcc_g31c4.log.txt"
"zenodo_isu_ilcc","isu_ilcc_g32c1.log.parquet","isu_ilcc_g32c1.log","0","0",,,,,,,"NA","C:\Users\szoke\Documents\BatteryDegradationAtlas\reports\discovery_run_zenodo_isu_ilcc_20260203_085731\logs\isu_ilcc_g32c1.log.txt"
"zenodo_isu_ilcc","isu_ilcc_g32c2.log.parquet","isu_ilcc_g32c2.log","0","0",,,,,,,"NA","C:\Users\szoke\Documents\BatteryDegradationAtlas\reports\discovery_run_zenodo_isu_ilcc_20260203_085731\logs\isu_ilcc_g32c2.log.txt"
"zenodo_isu_ilcc","isu_ilcc_g32c3.log.parquet","isu_ilcc_g32c3.log","0","0",,,,,,,"NA","C:\Users\szoke\Documents\BatteryDegradationAtlas\reports\discovery_run_zenodo_isu_ilcc_20260203_085731\logs\isu_ilcc_g32c3.log.txt"
"zenodo_isu_ilcc","isu_ilcc_g32c4.log.parquet","isu_ilcc_g32c4.log","0","0",,,,,,,"NA","C:\Users\szoke\Documents\BatteryDegradationAtlas\reports\discovery_run_zenodo_isu_ilcc_20260203_085731\logs\isu_ilcc_g32c4.log.txt"
"zenodo_isu_ilcc","isu_ilcc_g33c1.log.parquet","isu_ilcc_g33c1.log","0","0",,,,,,,"NA","C:\Users\szoke\Documents\BatteryDegradationAtlas\reports\discovery_run_zenodo_isu_ilcc_20260203_085731\logs\isu_ilcc_g33c1.log.txt"
"zenodo_isu_ilcc","isu_ilcc_g33c2.log.parquet","isu_ilcc_g33c2.log","0","0",,,,,,,"NA","C:\Users\szoke\Documents\BatteryDegradationAtlas\reports\discovery_run_zenodo_isu_ilcc_20260203_085731\logs\isu_ilcc_g33c2.log.txt"
"zenodo_isu_ilcc","isu_ilcc_g33c3.log.parquet","isu_ilcc_g33c3.log","0","0",,,,,,,"NA","C:\Users\szoke\Documents\BatteryDegradationAtlas\reports\discovery_run_zenodo_isu_ilcc_20260203_085731\logs\isu_ilcc_g33c3.log.txt"
"zenodo_isu_ilcc","isu_ilcc_g33c4.log.parquet","isu_ilcc_g33c4.log","0","0",,,,,,,"NA","C:\Users\szoke\Documents\BatteryDegradationAtlas\reports\discovery_run_zenodo_isu_ilcc_20260203_085731\logs\isu_ilcc_g33c4.log.txt"
"zenodo_isu_ilcc","isu_ilcc_g34c1.log.parquet","isu_ilcc_g34c1.log","0","0",,,,,,,"NA","C:\Users\szoke\Documents\BatteryDegradationAtlas\reports\discovery_run_zenodo_isu_ilcc_20260203_085731\logs\isu_ilcc_g34c1.log.txt"
"zenodo_isu_ilcc","isu_ilcc_g34c2.log.parquet","isu_ilcc_g34c2.log","0","0",,,,,,,"NA","C:\Users\szoke\Documents\BatteryDegradationAtlas\reports\discovery_run_zenodo_isu_ilcc_20260203_085731\logs\isu_ilcc_g34c2.log.txt"
"zenodo_isu_ilcc","isu_ilcc_g34c3.log.parquet","isu_ilcc_g34c3.log","0","0",,,,,,,"NA","C:\Users\szoke\Documents\BatteryDegradationAtlas\reports\discovery_run_zenodo_isu_ilcc_20260203_085731\logs\isu_ilcc_g34c3.log.txt"
"zenodo_isu_ilcc","isu_ilcc_g34c4.log.parquet","isu_ilcc_g34c4.log","0","0",,,,,,,"NA","C:\Users\szoke\Documents\BatteryDegradationAtlas\reports\discovery_run_zenodo_isu_ilcc_20260203_085731\logs\isu_ilcc_g34c4.log.txt"
"zenodo_isu_ilcc","isu_ilcc_g35c1.log.parquet","isu_ilcc_g35c1.log","0","0",,,,,,,"NA","C:\Users\szoke\Documents\BatteryDegradationAtlas\reports\discovery_run_zenodo_isu_ilcc_20260203_085731\logs\isu_ilcc_g35c1.log.txt"
"zenodo_isu_ilcc","isu_ilcc_g35c2.log.parquet","isu_ilcc_g35c2.log","0","0",,,,,,,"NA","C:\Users\szoke\Documents\BatteryDegradationAtlas\reports\discovery_run_zenodo_isu_ilcc_20260203_085731\logs\isu_ilcc_g35c2.log.txt"
"zenodo_isu_ilcc","isu_ilcc_g35c3.log.parquet","isu_ilcc_g35c3.log","0","0",,,,,,,"NA","C:\Users\szoke\Documents\BatteryDegradationAtlas\reports\discovery_run_zenodo_isu_ilcc_20260203_085731\logs\isu_ilcc_g35c3.log.txt"
"zenodo_isu_ilcc","isu_ilcc_g35c4.log.parquet","isu_ilcc_g35c4.log","0","0",,,,,,,"NA","C:\Users\szoke\Documents\BatteryDegradationAtlas\reports\discovery_run_zenodo_isu_ilcc_20260203_085731\logs\isu_ilcc_g35c4.log.txt"
"zenodo_isu_ilcc","isu_ilcc_g36c1.log.parquet","isu_ilcc_g36c1.log","0","0",,,,,,,"NA","C:\Users\szoke\Documents\BatteryDegradationAtlas\reports\discovery_run_zenodo_isu_ilcc_20260203_085731\logs\isu_ilcc_g36c1.log.txt"
"zenodo_isu_ilcc","isu_ilcc_g36c2.log.parquet","isu_ilcc_g36c2.log","0","0",,,,,,,"NA","C:\Users\szoke\Documents\BatteryDegradationAtlas\reports\discovery_run_zenodo_isu_ilcc_20260203_085731\logs\isu_ilcc_g36c2.log.txt"
"zenodo_isu_ilcc","isu_ilcc_g36c3.log.parquet","isu_ilcc_g36c3.log","0","0",,,,,,,"NA","C:\Users\szoke\Documents\BatteryDegradationAtlas\reports\discovery_run_zenodo_isu_ilcc_20260203_085731\logs\isu_ilcc_g36c3.log.txt"
"zenodo_isu_ilcc","isu_ilcc_g36c4.log.parquet","isu_ilcc_g36c4.log","0","0",,,,,,,"NA","C:\Users\szoke\Documents\BatteryDegradationAtlas\reports\discovery_run_zenodo_isu_ilcc_20260203_085731\logs\isu_ilcc_g36c4.log.txt"
"zenodo_isu_ilcc","isu_ilcc_g37c1.log.parquet","isu_ilcc_g37c1.log","0","0",,,,,,,"NA","C:\Users\szoke\Documents\BatteryDegradationAtlas\reports\discovery_run_zenodo_isu_ilcc_20260203_085731\logs\isu_ilcc_g37c1.log.txt"
"zenodo_isu_ilcc","isu_ilcc_g37c2.log.parquet","isu_ilcc_g37c2.log","0","0",,,,,,,"NA","C:\Users\szoke\Documents\BatteryDegradationAtlas\reports\discovery_run_zenodo_isu_ilcc_20260203_085731\logs\isu_ilcc_g37c2.log.txt"
"zenodo_isu_ilcc","isu_ilcc_g37c3.log.parquet","isu_ilcc_g37c3.log","0","0",,,,,,,"NA","C:\Users\szoke\Documents\BatteryDegradationAtlas\reports\discovery_run_zenodo_isu_ilcc_20260203_085731\logs\isu_ilcc_g37c3.log.txt"
"zenodo_isu_ilcc","isu_ilcc_g37c4.log.parquet","isu_ilcc_g37c4.log","0","0",,,,,,,"NA","C:\Users\szoke\Documents\BatteryDegradationAtlas\reports\discovery_run_zenodo_isu_ilcc_20260203_085731\logs\isu_ilcc_g37c4.log.txt"
"zenodo_isu_ilcc","isu_ilcc_g38c1.log.parquet","isu_ilcc_g38c1.log","0","0",,,,,,,"NA","C:\Users\szoke\Documents\BatteryDegradationAtlas\reports\discovery_run_zenodo_isu_ilcc_20260203_085731\logs\isu_ilcc_g38c1.log.txt"
"zenodo_isu_ilcc","isu_ilcc_g38c2.log.parquet","isu_ilcc_g38c2.log","0","0",,,,,,,"NA","C:\Users\szoke\Documents\BatteryDegradationAtlas\reports\discovery_run_zenodo_isu_ilcc_20260203_085731\logs\isu_ilcc_g38c2.log.txt"
"zenodo_isu_ilcc","isu_ilcc_g38c3.log.parquet","isu_ilcc_g38c3.log","0","0",,,,,,,"NA","C:\Users\szoke\Documents\BatteryDegradationAtlas\reports\discovery_run_zenodo_isu_ilcc_20260203_085731\logs\isu_ilcc_g38c3.log.txt"
"zenodo_isu_ilcc","isu_ilcc_g38c4.log.parquet","isu_ilcc_g38c4.log","0","0",,,,,,,"NA","C:\Users\szoke\Documents\BatteryDegradationAtlas\reports\discovery_run_zenodo_isu_ilcc_20260203_085731\logs\isu_ilcc_g38c4.log.txt"
"zenodo_isu_ilcc","isu_ilcc_g39c1.log.parquet","isu_ilcc_g39c1.log","0","0",,,,,,,"NA","C:\Users\szoke\Documents\BatteryDegradationAtlas\reports\discovery_run_zenodo_isu_ilcc_20260203_085731\logs\isu_ilcc_g39c1.log.txt"
"zenodo_isu_ilcc","isu_ilcc_g39c2.log.parquet","isu_ilcc_g39c2.log","0","0",,,,,,,"NA","C:\Users\szoke\Documents\BatteryDegradationAtlas\reports\discovery_run_zenodo_isu_ilcc_20260203_085731\logs\isu_ilcc_g39c2.log.txt"
"zenodo_isu_ilcc","isu_ilcc_g39c3.log.parquet","isu_ilcc_g39c3.log","0","0",,,,,,,"NA","C:\Users\szoke\Documents\BatteryDegradationAtlas\reports\discovery_run_zenodo_isu_ilcc_20260203_085731\logs\isu_ilcc_g39c3.log.txt"
"zenodo_isu_ilcc","isu_ilcc_g39c4.log.parquet","isu_ilcc_g39c4.log","0","0",,,,,,,"NA","C:\Users\szoke\Documents\BatteryDegradationAtlas\reports\discovery_run_zenodo_isu_ilcc_20260203_085731\logs\isu_ilcc_g39c4.log.txt"
"zenodo_isu_ilcc","isu_ilcc_g3c1.log.parquet","isu_ilcc_g3c1.log","0","0",,,,,,,"NA","C:\Users\szoke\Documents\BatteryDegradationAtlas\reports\discovery_run_zenodo_isu_ilcc_20260203_085731\logs\isu_ilcc_g3c1.log.txt"
"zenodo_isu_ilcc","isu_ilcc_g3c2.log.parquet","isu_ilcc_g3c2.log","0","0",,,,,,,"NA","C:\Users\szoke\Documents\BatteryDegradationAtlas\reports\discovery_run_zenodo_isu_ilcc_20260203_085731\logs\isu_ilcc_g3c2.log.txt"
"zenodo_isu_ilcc","isu_ilcc_g3c3.log.parquet","isu_ilcc_g3c3.log","0","0",,,,,,,"NA","C:\Users\szoke\Documents\BatteryDegradationAtlas\reports\discovery_run_zenodo_isu_ilcc_20260203_085731\logs\isu_ilcc_g3c3.log.txt"
"zenodo_isu_ilcc","isu_ilcc_g3c4.log.parquet","isu_ilcc_g3c4.log","0","0",,,,,,,"NA","C:\Users\szoke\Documents\BatteryDegradationAtlas\reports\discovery_run_zenodo_isu_ilcc_20260203_085731\logs\isu_ilcc_g3c4.log.txt"
"zenodo_isu_ilcc","isu_ilcc_g40c1.log.parquet","isu_ilcc_g40c1.log","0","0",,,,,,,"NA","C:\Users\szoke\Documents\BatteryDegradationAtlas\reports\discovery_run_zenodo_isu_ilcc_20260203_085731\logs\isu_ilcc_g40c1.log.txt"
"zenodo_isu_ilcc","isu_ilcc_g40c2.log.parquet","isu_ilcc_g40c2.log","0","0",,,,,,,"NA","C:\Users\szoke\Documents\BatteryDegradationAtlas\reports\discovery_run_zenodo_isu_ilcc_20260203_085731\logs\isu_ilcc_g40c2.log.txt"
"zenodo_isu_ilcc","isu_ilcc_g40c3.log.parquet","isu_ilcc_g40c3.log","0","0",,,,,,,"NA","C:\Users\szoke\Documents\BatteryDegradationAtlas\reports\discovery_run_zenodo_isu_ilcc_20260203_085731\logs\isu_ilcc_g40c3.log.txt"
"zenodo_isu_ilcc","isu_ilcc_g40c4.log.parquet","isu_ilcc_g40c4.log","0","0",,,,,,,"NA","C:\Users\szoke\Documents\BatteryDegradationAtlas\reports\discovery_run_zenodo_isu_ilcc_20260203_085731\logs\isu_ilcc_g40c4.log.txt"
"zenodo_isu_ilcc","isu_ilcc_g41c1.log.parquet","isu_ilcc_g41c1.log","0","0",,,,,,,"NA","C:\Users\szoke\Documents\BatteryDegradationAtlas\reports\discovery_run_zenodo_isu_ilcc_20260203_085731\logs\isu_ilcc_g41c1.log.txt"
"zenodo_isu_ilcc","isu_ilcc_g41c2.log.parquet","isu_ilcc_g41c2.log","0","0",,,,,,,"NA","C:\Users\szoke\Documents\BatteryDegradationAtlas\reports\discovery_run_zenodo_isu_ilcc_20260203_085731\logs\isu_ilcc_g41c2.log.txt"
"zenodo_isu_ilcc","isu_ilcc_g41c3.log.parquet","isu_ilcc_g41c3.log","0","0",,,,,,,"NA","C:\Users\szoke\Documents\BatteryDegradationAtlas\reports\discovery_run_zenodo_isu_ilcc_20260203_085731\logs\isu_ilcc_g41c3.log.txt"
"zenodo_isu_ilcc","isu_ilcc_g41c4.log.parquet","isu_ilcc_g41c4.log","0","0",,,,,,,"NA","C:\Users\szoke\Documents\BatteryDegradationAtlas\reports\discovery_run_zenodo_isu_ilcc_20260203_085731\logs\isu_ilcc_g41c4.log.txt"
"zenodo_isu_ilcc","isu_ilcc_g42c1.log.parquet","isu_ilcc_g42c1.log","0","0",,,,,,,"NA","C:\Users\szoke\Documents\BatteryDegradationAtlas\reports\discovery_run_zenodo_isu_ilcc_20260203_085731\logs\isu_ilcc_g42c1.log.txt"
"zenodo_isu_ilcc","isu_ilcc_g42c2.log.parquet","isu_ilcc_g42c2.log","0","0",,,,,,,"NA","C:\Users\szoke\Documents\BatteryDegradationAtlas\reports\discovery_run_zenodo_isu_ilcc_20260203_085731\logs\isu_ilcc_g42c2.log.txt"
"zenodo_isu_ilcc","isu_ilcc_g42c3.log.parquet","isu_ilcc_g42c3.log","0","0",,,,,,,"NA","C:\Users\szoke\Documents\BatteryDegradationAtlas\reports\discovery_run_zenodo_isu_ilcc_20260203_085731\logs\isu_ilcc_g42c3.log.txt"
"zenodo_isu_ilcc","isu_ilcc_g43c1.log.parquet","isu_ilcc_g43c1.log","0","0",,,,,,,"NA","C:\Users\szoke\Documents\BatteryDegradationAtlas\reports\discovery_run_zenodo_isu_ilcc_20260203_085731\logs\isu_ilcc_g43c1.log.txt"
"zenodo_isu_ilcc","isu_ilcc_g43c2.log.parquet","isu_ilcc_g43c2.log","0","0",,,,,,,"NA","C:\Users\szoke\Documents\BatteryDegradationAtlas\reports\discovery_run_zenodo_isu_ilcc_20260203_085731\logs\isu_ilcc_g43c2.log.txt"
"zenodo_isu_ilcc","isu_ilcc_g43c3.log.parquet","isu_ilcc_g43c3.log","0","0",,,,,,,"NA","C:\Users\szoke\Documents\BatteryDegradationAtlas\reports\discovery_run_zenodo_isu_ilcc_20260203_085731\logs\isu_ilcc_g43c3.log.txt"
"zenodo_isu_ilcc","isu_ilcc_g43c4.log.parquet","isu_ilcc_g43c4.log","0","0",,,,,,,"NA","C:\Users\szoke\Documents\BatteryDegradationAtlas\reports\discovery_run_zenodo_isu_ilcc_20260203_085731\logs\isu_ilcc_g43c4.log.txt"
"zenodo_isu_ilcc","isu_ilcc_g44c1.log.parquet","isu_ilcc_g44c1.log","0","0",,,,,,,"NA","C:\Users\szoke\Documents\BatteryDegradationAtlas\reports\discovery_run_zenodo_isu_ilcc_20260203_085731\logs\isu_ilcc_g44c1.log.txt"
"zenodo_isu_ilcc","isu_ilcc_g44c2.log.parquet","isu_ilcc_g44c2.log","0","0",,,,,,,"NA","C:\Users\szoke\Documents\BatteryDegradationAtlas\reports\discovery_run_zenodo_isu_ilcc_20260203_085731\logs\isu_ilcc_g44c2.log.txt"
"zenodo_isu_ilcc","isu_ilcc_g44c3.log.parquet","isu_ilcc_g44c3.log","0","0",,,,,,,"NA","C:\Users\szoke\Documents\BatteryDegradationAtlas\reports\discovery_run_zenodo_isu_ilcc_20260203_085731\logs\isu_ilcc_g44c3.log.txt"
"zenodo_isu_ilcc","isu_ilcc_g44c4.log.parquet","isu_ilcc_g44c4.log","0","0",,,,,,,"NA","C:\Users\szoke\Documents\BatteryDegradationAtlas\reports\discovery_run_zenodo_isu_ilcc_20260203_085731\logs\isu_ilcc_g44c4.log.txt"
"zenodo_isu_ilcc","isu_ilcc_g45c1.log.parquet","isu_ilcc_g45c1.log","0","0",,,,,,,"NA","C:\Users\szoke\Documents\BatteryDegradationAtlas\reports\discovery_run_zenodo_isu_ilcc_20260203_085731\logs\isu_ilcc_g45c1.log.txt"
"zenodo_isu_ilcc","isu_ilcc_g45c2.log.parquet","isu_ilcc_g45c2.log","0","0",,,,,,,"NA","C:\Users\szoke\Documents\BatteryDegradationAtlas\reports\discovery_run_zenodo_isu_ilcc_20260203_085731\logs\isu_ilcc_g45c2.log.txt"
"zenodo_isu_ilcc","isu_ilcc_g45c3.log.parquet","isu_ilcc_g45c3.log","0","0",,,,,,,"NA","C:\Users\szoke\Documents\BatteryDegradationAtlas\reports\discovery_run_zenodo_isu_ilcc_20260203_085731\logs\isu_ilcc_g45c3.log.txt"
"zenodo_isu_ilcc","isu_ilcc_g45c4.log.parquet","isu_ilcc_g45c4.log","0","0",,,,,,,"NA","C:\Users\szoke\Documents\BatteryDegradationAtlas\reports\discovery_run_zenodo_isu_ilcc_20260203_085731\logs\isu_ilcc_g45c4.log.txt"
"zenodo_isu_ilcc","isu_ilcc_g46c1.log.parquet","isu_ilcc_g46c1.log","0","0",,,,,,,"NA","C:\Users\szoke\Documents\BatteryDegradationAtlas\reports\discovery_run_zenodo_isu_ilcc_20260203_085731\logs\isu_ilcc_g46c1.log.txt"
"zenodo_isu_ilcc","isu_ilcc_g46c2.log.parquet","isu_ilcc_g46c2.log","0","0",,,,,,,"NA","C:\Users\szoke\Documents\BatteryDegradationAtlas\reports\discovery_run_zenodo_isu_ilcc_20260203_085731\logs\isu_ilcc_g46c2.log.txt"
"zenodo_isu_ilcc","isu_ilcc_g46c3.log.parquet","isu_ilcc_g46c3.log","0","0",,,,,,,"NA","C:\Users\szoke\Documents\BatteryDegradationAtlas\reports\discovery_run_zenodo_isu_ilcc_20260203_085731\logs\isu_ilcc_g46c3.log.txt"
"zenodo_isu_ilcc","isu_ilcc_g46c4.log.parquet","isu_ilcc_g46c4.log","0","0",,,,,,,"NA","C:\Users\szoke\Documents\BatteryDegradationAtlas\reports\discovery_run_zenodo_isu_ilcc_20260203_085731\logs\isu_ilcc_g46c4.log.txt"
"zenodo_isu_ilcc","isu_ilcc_g47c1.log.parquet","isu_ilcc_g47c1.log","0","0",,,,,,,"NA","C:\Users\szoke\Documents\BatteryDegradationAtlas\reports\discovery_run_zenodo_isu_ilcc_20260203_085731\logs\isu_ilcc_g47c1.log.txt"
"zenodo_isu_ilcc","isu_ilcc_g47c2.log.parquet","isu_ilcc_g47c2.log","0","0",,,,,,,"NA","C:\Users\szoke\Documents\BatteryDegradationAtlas\reports\discovery_run_zenodo_isu_ilcc_20260203_085731\logs\isu_ilcc_g47c2.log.txt"
"zenodo_isu_ilcc","isu_ilcc_g47c3.log.parquet","isu_ilcc_g47c3.log","0","0",,,,,,,"NA","C:\Users\szoke\Documents\BatteryDegradationAtlas\reports\discovery_run_zenodo_isu_ilcc_20260203_085731\logs\isu_ilcc_g47c3.log.txt"
"zenodo_isu_ilcc","isu_ilcc_g47c4.log.parquet","isu_ilcc_g47c4.log","0","0",,,,,,,"NA","C:\Users\szoke\Documents\BatteryDegradationAtlas\reports\discovery_run_zenodo_isu_ilcc_20260203_085731\logs\isu_ilcc_g47c4.log.txt"
"zenodo_isu_ilcc","isu_ilcc_g48c1.log.parquet","isu_ilcc_g48c1.log","0","0",,,,,,,"NA","C:\Users\szoke\Documents\BatteryDegradationAtlas\reports\discovery_run_zenodo_isu_ilcc_20260203_085731\logs\isu_ilcc_g48c1.log.txt"
"zenodo_isu_ilcc","isu_ilcc_g48c2.log.parquet","isu_ilcc_g48c2.log","0","0",,,,,,,"NA","C:\Users\szoke\Documents\BatteryDegradationAtlas\reports\discovery_run_zenodo_isu_ilcc_20260203_085731\logs\isu_ilcc_g48c2.log.txt"
"zenodo_isu_ilcc","isu_ilcc_g48c3.log.parquet","isu_ilcc_g48c3.log","0","0",,,,,,,"NA","C:\Users\szoke\Documents\BatteryDegradationAtlas\reports\discovery_run_zenodo_isu_ilcc_20260203_085731\logs\isu_ilcc_g48c3.log.txt"
"zenodo_isu_ilcc","isu_ilcc_g48c4.log.parquet","isu_ilcc_g48c4.log","0","0",,,,,,,"NA","C:\Users\szoke\Documents\BatteryDegradationAtlas\reports\discovery_run_zenodo_isu_ilcc_20260203_085731\logs\isu_ilcc_g48c4.log.txt"
"zenodo_isu_ilcc","isu_ilcc_g49c1.log.parquet","isu_ilcc_g49c1.log","0","0",,,,,,,"NA","C:\Users\szoke\Documents\BatteryDegradationAtlas\reports\discovery_run_zenodo_isu_ilcc_20260203_085731\logs\isu_ilcc_g49c1.log.txt"
"zenodo_isu_ilcc","isu_ilcc_g49c2.log.parquet","isu_ilcc_g49c2.log","0","0",,,,,,,"NA","C:\Users\szoke\Documents\BatteryDegradationAtlas\reports\discovery_run_zenodo_isu_ilcc_20260203_085731\logs\isu_ilcc_g49c2.log.txt"
"zenodo_isu_ilcc","isu_ilcc_g49c3.log.parquet","isu_ilcc_g49c3.log","0","0",,,,,,,"NA","C:\Users\szoke\Documents\BatteryDegradationAtlas\reports\discovery_run_zenodo_isu_ilcc_20260203_085731\logs\isu_ilcc_g49c3.log.txt"
"zenodo_isu_ilcc","isu_ilcc_g49c4.log.parquet","isu_ilcc_g49c4.log","0","0",,,,,,,"NA","C:\Users\szoke\Documents\BatteryDegradationAtlas\reports\discovery_run_zenodo_isu_ilcc_20260203_085731\logs\isu_ilcc_g49c4.log.txt"
"zenodo_isu_ilcc","isu_ilcc_g4c1.log.parquet","isu_ilcc_g4c1.log","0","0",,,,,,,"NA","C:\Users\szoke\Documents\BatteryDegradationAtlas\reports\discovery_run_zenodo_isu_ilcc_20260203_085731\logs\isu_ilcc_g4c1.log.txt"
"zenodo_isu_ilcc","isu_ilcc_g4c2.log.parquet","isu_ilcc_g4c2.log","0","0",,,,,,,"NA","C:\Users\szoke\Documents\BatteryDegradationAtlas\reports\discovery_run_zenodo_isu_ilcc_20260203_085731\logs\isu_ilcc_g4c2.log.txt"
"zenodo_isu_ilcc","isu_ilcc_g4c3.log.parquet","isu_ilcc_g4c3.log","0","0",,,,,,,"NA","C:\Users\szoke\Documents\BatteryDegradationAtlas\reports\discovery_run_zenodo_isu_ilcc_20260203_085731\logs\isu_ilcc_g4c3.log.txt"
"zenodo_isu_ilcc","isu_ilcc_g4c4.log.parquet","isu_ilcc_g4c4.log","0","0",,,,,,,"NA","C:\Users\szoke\Documents\BatteryDegradationAtlas\reports\discovery_run_zenodo_isu_ilcc_20260203_085731\logs\isu_ilcc_g4c4.log.txt"
"zenodo_isu_ilcc","isu_ilcc_g50c1.log.parquet","isu_ilcc_g50c1.log","0","0",,,,,,,"NA","C:\Users\szoke\Documents\BatteryDegradationAtlas\reports\discovery_run_zenodo_isu_ilcc_20260203_085731\logs\isu_ilcc_g50c1.log.txt"
"zenodo_isu_ilcc","isu_ilcc_g50c2.log.parquet","isu_ilcc_g50c2.log","0","0",,,,,,,"NA","C:\Users\szoke\Documents\BatteryDegradationAtlas\reports\discovery_run_zenodo_isu_ilcc_20260203_085731\logs\isu_ilcc_g50c2.log.txt"
"zenodo_isu_ilcc","isu_ilcc_g50c3.log.parquet","isu_ilcc_g50c3.log","0","0",,,,,,,"NA","C:\Users\szoke\Documents\BatteryDegradationAtlas\reports\discovery_run_zenodo_isu_ilcc_20260203_085731\logs\isu_ilcc_g50c3.log.txt"
"zenodo_isu_ilcc","isu_ilcc_g50c4.log.parquet","isu_ilcc_g50c4.log","0","0",,,,,,,"NA","C:\Users\szoke\Documents\BatteryDegradationAtlas\reports\discovery_run_zenodo_isu_ilcc_20260203_085731\logs\isu_ilcc_g50c4.log.txt"
"zenodo_isu_ilcc","isu_ilcc_g51c1.log.parquet","isu_ilcc_g51c1.log","0","0",,,,,,,"NA","C:\Users\szoke\Documents\BatteryDegradationAtlas\reports\discovery_run_zenodo_isu_ilcc_20260203_085731\logs\isu_ilcc_g51c1.log.txt"
"zenodo_isu_ilcc","isu_ilcc_g51c2.log.parquet","isu_ilcc_g51c2.log","0","0",,,,,,,"NA","C:\Users\szoke\Documents\BatteryDegradationAtlas\reports\discovery_run_zenodo_isu_ilcc_20260203_085731\logs\isu_ilcc_g51c2.log.txt"
"zenodo_isu_ilcc","isu_ilcc_g51c3.log.parquet","isu_ilcc_g51c3.log","0","0",,,,,,,"NA","C:\Users\szoke\Documents\BatteryDegradationAtlas\reports\discovery_run_zenodo_isu_ilcc_20260203_085731\logs\isu_ilcc_g51c3.log.txt"
"zenodo_isu_ilcc","isu_ilcc_g51c4.log.parquet","isu_ilcc_g51c4.log","0","0",,,,,,,"NA","C:\Users\szoke\Documents\BatteryDegradationAtlas\reports\discovery_run_zenodo_isu_ilcc_20260203_085731\logs\isu_ilcc_g51c4.log.txt"
"zenodo_isu_ilcc","isu_ilcc_g52c1.log.parquet","isu_ilcc_g52c1.log","0","0",,,,,,,"NA","C:\Users\szoke\Documents\BatteryDegradationAtlas\reports\discovery_run_zenodo_isu_ilcc_20260203_085731\logs\isu_ilcc_g52c1.log.txt"
"zenodo_isu_ilcc","isu_ilcc_g52c2.log.parquet","isu_ilcc_g52c2.log","0","0",,,,,,,"NA","C:\Users\szoke\Documents\BatteryDegradationAtlas\reports\discovery_run_zenodo_isu_ilcc_20260203_085731\logs\isu_ilcc_g52c2.log.txt"
"zenodo_isu_ilcc","isu_ilcc_g52c3.log.parquet","isu_ilcc_g52c3.log","0","0",,,,,,,"NA","C:\Users\szoke\Documents\BatteryDegradationAtlas\reports\discovery_run_zenodo_isu_ilcc_20260203_085731\logs\isu_ilcc_g52c3.log.txt"
"zenodo_isu_ilcc","isu_ilcc_g52c4.log.parquet","isu_ilcc_g52c4.log","0","0",,,,,,,"NA","C:\Users\szoke\Documents\BatteryDegradationAtlas\reports\discovery_run_zenodo_isu_ilcc_20260203_085731\logs\isu_ilcc_g52c4.log.txt"
"zenodo_isu_ilcc","isu_ilcc_g53c1.log.parquet","isu_ilcc_g53c1.log","0","0",,,,,,,"NA","C:\Users\szoke\Documents\BatteryDegradationAtlas\reports\discovery_run_zenodo_isu_ilcc_20260203_085731\logs\isu_ilcc_g53c1.log.txt"
"zenodo_isu_ilcc","isu_ilcc_g53c2.log.parquet","isu_ilcc_g53c2.log","0","0",,,,,,,"NA","C:\Users\szoke\Documents\BatteryDegradationAtlas\reports\discovery_run_zenodo_isu_ilcc_20260203_085731\logs\isu_ilcc_g53c2.log.txt"
"zenodo_isu_ilcc","isu_ilcc_g53c3.log.parquet","isu_ilcc_g53c3.log","0","0",,,,,,,"NA","C:\Users\szoke\Documents\BatteryDegradationAtlas\reports\discovery_run_zenodo_isu_ilcc_20260203_085731\logs\isu_ilcc_g53c3.log.txt"
"zenodo_isu_ilcc","isu_ilcc_g53c4.log.parquet","isu_ilcc_g53c4.log","0","0",,,,,,,"NA","C:\Users\szoke\Documents\BatteryDegradationAtlas\reports\discovery_run_zenodo_isu_ilcc_20260203_085731\logs\isu_ilcc_g53c4.log.txt"
"zenodo_isu_ilcc","isu_ilcc_g54c1.log.parquet","isu_ilcc_g54c1.log","0","0",,,,,,,"NA","C:\Users\szoke\Documents\BatteryDegradationAtlas\reports\discovery_run_zenodo_isu_ilcc_20260203_085731\logs\isu_ilcc_g54c1.log.txt"
"zenodo_isu_ilcc","isu_ilcc_g54c2.log.parquet","isu_ilcc_g54c2.log","0","0",,,,,,,"NA","C:\Users\szoke\Documents\BatteryDegradationAtlas\reports\discovery_run_zenodo_isu_ilcc_20260203_085731\logs\isu_ilcc_g54c2.log.txt"
"zenodo_isu_ilcc","isu_ilcc_g54c3.log.parquet","isu_ilcc_g54c3.log","0","0",,,,,,,"NA","C:\Users\szoke\Documents\BatteryDegradationAtlas\reports\discovery_run_zenodo_isu_ilcc_20260203_085731\logs\isu_ilcc_g54c3.log.txt"
"zenodo_isu_ilcc","isu_ilcc_g54c4.log.parquet","isu_ilcc_g54c4.log","0","0",,,,,,,"NA","C:\Users\szoke\Documents\BatteryDegradationAtlas\reports\discovery_run_zenodo_isu_ilcc_20260203_085731\logs\isu_ilcc_g54c4.log.txt"
"zenodo_isu_ilcc","isu_ilcc_g55c1.log.parquet","isu_ilcc_g55c1.log","0","0",,,,,,,"NA","C:\Users\szoke\Documents\BatteryDegradationAtlas\reports\discovery_run_zenodo_isu_ilcc_20260203_085731\logs\isu_ilcc_g55c1.log.txt"
"zenodo_isu_ilcc","isu_ilcc_g55c2.log.parquet","isu_ilcc_g55c2.log","0","0",,,,,,,"NA","C:\Users\szoke\Documents\BatteryDegradationAtlas\reports\discovery_run_zenodo_isu_ilcc_20260203_085731\logs\isu_ilcc_g55c2.log.txt"
"zenodo_isu_ilcc","isu_ilcc_g55c3.log.parquet","isu_ilcc_g55c3.log","0","0",,,,,,,"NA","C:\Users\szoke\Documents\BatteryDegradationAtlas\reports\discovery_run_zenodo_isu_ilcc_20260203_085731\logs\isu_ilcc_g55c3.log.txt"
"zenodo_isu_ilcc","isu_ilcc_g55c4.log.parquet","isu_ilcc_g55c4.log","0","0",,,,,,,"NA","C:\Users\szoke\Documents\BatteryDegradationAtlas\reports\discovery_run_zenodo_isu_ilcc_20260203_085731\logs\isu_ilcc_g55c4.log.txt"
"zenodo_isu_ilcc","isu_ilcc_g56c1.log.parquet","isu_ilcc_g56c1.log","0","0",,,,,,,"NA","C:\Users\szoke\Documents\BatteryDegradationAtlas\reports\discovery_run_zenodo_isu_ilcc_20260203_085731\logs\isu_ilcc_g56c1.log.txt"
"zenodo_isu_ilcc","isu_ilcc_g56c2.log.parquet","isu_ilcc_g56c2.log","0","0",,,,,,,"NA","C:\Users\szoke\Documents\BatteryDegradationAtlas\reports\discovery_run_zenodo_isu_ilcc_20260203_085731\logs\isu_ilcc_g56c2.log.txt"
"zenodo_isu_ilcc","isu_ilcc_g56c3.log.parquet","isu_ilcc_g56c3.log","0","0",,,,,,,"NA","C:\Users\szoke\Documents\BatteryDegradationAtlas\reports\discovery_run_zenodo_isu_ilcc_20260203_085731\logs\isu_ilcc_g56c3.log.txt"
"zenodo_isu_ilcc","isu_ilcc_g56c4.log.parquet","isu_ilcc_g56c4.log","0","0",,,,,,,"NA","C:\Users\szoke\Documents\BatteryDegradationAtlas\reports\discovery_run_zenodo_isu_ilcc_20260203_085731\logs\isu_ilcc_g56c4.log.txt"
"zenodo_isu_ilcc","isu_ilcc_g57c1.log.parquet","isu_ilcc_g57c1.log","0","0",,,,,,,"NA","C:\Users\szoke\Documents\BatteryDegradationAtlas\reports\discovery_run_zenodo_isu_ilcc_20260203_085731\logs\isu_ilcc_g57c1.log.txt"
"zenodo_isu_ilcc","isu_ilcc_g57c2.log.parquet","isu_ilcc_g57c2.log","0","0",,,,,,,"NA","C:\Users\szoke\Documents\BatteryDegradationAtlas\reports\discovery_run_zenodo_isu_ilcc_20260203_085731\logs\isu_ilcc_g57c2.log.txt"
"zenodo_isu_ilcc","isu_ilcc_g57c3.log.parquet","isu_ilcc_g57c3.log","0","0",,,,,,,"NA","C:\Users\szoke\Documents\BatteryDegradationAtlas\reports\discovery_run_zenodo_isu_ilcc_20260203_085731\logs\isu_ilcc_g57c3.log.txt"
"zenodo_isu_ilcc","isu_ilcc_g57c4.log.parquet","isu_ilcc_g57c4.log","0","0",,,,,,,"NA","C:\Users\szoke\Documents\BatteryDegradationAtlas\reports\discovery_run_zenodo_isu_ilcc_20260203_085731\logs\isu_ilcc_g57c4.log.txt"
"zenodo_isu_ilcc","isu_ilcc_g58c1.log.parquet","isu_ilcc_g58c1.log","0","0",,,,,,,"NA","C:\Users\szoke\Documents\BatteryDegradationAtlas\reports\discovery_run_zenodo_isu_ilcc_20260203_085731\logs\isu_ilcc_g58c1.log.txt"
"zenodo_isu_ilcc","isu_ilcc_g58c2.log.parquet","isu_ilcc_g58c2.log","0","0",,,,,,,"NA","C:\Users\szoke\Documents\BatteryDegradationAtlas\reports\discovery_run_zenodo_isu_ilcc_20260203_085731\logs\isu_ilcc_g58c2.log.txt"
"zenodo_isu_ilcc","isu_ilcc_g58c3.log.parquet","isu_ilcc_g58c3.log","0","0",,,,,,,"NA","C:\Users\szoke\Documents\BatteryDegradationAtlas\reports\discovery_run_zenodo_isu_ilcc_20260203_085731\logs\isu_ilcc_g58c3.log.txt"
"zenodo_isu_ilcc","isu_ilcc_g58c4.log.parquet","isu_ilcc_g58c4.log","0","0",,,,,,,"NA","C:\Users\szoke\Documents\BatteryDegradationAtlas\reports\discovery_run_zenodo_isu_ilcc_20260203_085731\logs\isu_ilcc_g58c4.log.txt"
"zenodo_isu_ilcc","isu_ilcc_g59c1.log.parquet","isu_ilcc_g59c1.log","0","0",,,,,,,"NA","C:\Users\szoke\Documents\BatteryDegradationAtlas\reports\discovery_run_zenodo_isu_ilcc_20260203_085731\logs\isu_ilcc_g59c1.log.txt"
"zenodo_isu_ilcc","isu_ilcc_g59c2.log.parquet","isu_ilcc_g59c2.log","0","0",,,,,,,"NA","C:\Users\szoke\Documents\BatteryDegradationAtlas\reports\discovery_run_zenodo_isu_ilcc_20260203_085731\logs\isu_ilcc_g59c2.log.txt"
"zenodo_isu_ilcc","isu_ilcc_g59c3.log.parquet","isu_ilcc_g59c3.log","0","0",,,,,,,"NA","C:\Users\szoke\Documents\BatteryDegradationAtlas\reports\discovery_run_zenodo_isu_ilcc_20260203_085731\logs\isu_ilcc_g59c3.log.txt"
"zenodo_isu_ilcc","isu_ilcc_g59c4.log.parquet","isu_ilcc_g59c4.log","0","0",,,,,,,"NA","C:\Users\szoke\Documents\BatteryDegradationAtlas\reports\discovery_run_zenodo_isu_ilcc_20260203_085731\logs\isu_ilcc_g59c4.log.txt"
"zenodo_isu_ilcc","isu_ilcc_g5c1.log.parquet","isu_ilcc_g5c1.log","0","0",,,,,,,"NA","C:\Users\szoke\Documents\BatteryDegradationAtlas\reports\discovery_run_zenodo_isu_ilcc_20260203_085731\logs\isu_ilcc_g5c1.log.txt"
"zenodo_isu_ilcc","isu_ilcc_g5c2.log.parquet","isu_ilcc_g5c2.log","0","0",,,,,,,"NA","C:\Users\szoke\Documents\BatteryDegradationAtlas\reports\discovery_run_zenodo_isu_ilcc_20260203_085731\logs\isu_ilcc_g5c2.log.txt"
"zenodo_isu_ilcc","isu_ilcc_g5c3.log.parquet","isu_ilcc_g5c3.log","0","0",,,,,,,"NA","C:\Users\szoke\Documents\BatteryDegradationAtlas\reports\discovery_run_zenodo_isu_ilcc_20260203_085731\logs\isu_ilcc_g5c3.log.txt"
"zenodo_isu_ilcc","isu_ilcc_g5c4.log.parquet","isu_ilcc_g5c4.log","0","0",,,,,,,"NA","C:\Users\szoke\Documents\BatteryDegradationAtlas\reports\discovery_run_zenodo_isu_ilcc_20260203_085731\logs\isu_ilcc_g5c4.log.txt"
"zenodo_isu_ilcc","isu_ilcc_g60c1.log.parquet","isu_ilcc_g60c1.log","0","0",,,,,,,"NA","C:\Users\szoke\Documents\BatteryDegradationAtlas\reports\discovery_run_zenodo_isu_ilcc_20260203_085731\logs\isu_ilcc_g60c1.log.txt"
"zenodo_isu_ilcc","isu_ilcc_g60c2.log.parquet","isu_ilcc_g60c2.log","0","0",,,,,,,"NA","C:\Users\szoke\Documents\BatteryDegradationAtlas\reports\discovery_run_zenodo_isu_ilcc_20260203_085731\logs\isu_ilcc_g60c2.log.txt"
"zenodo_isu_ilcc","isu_ilcc_g60c3.log.parquet","isu_ilcc_g60c3.log","0","0",,,,,,,"NA","C:\Users\szoke\Documents\BatteryDegradationAtlas\reports\discovery_run_zenodo_isu_ilcc_20260203_085731\logs\isu_ilcc_g60c3.log.txt"
"zenodo_isu_ilcc","isu_ilcc_g60c4.log.parquet","isu_ilcc_g60c4.log","0","0",,,,,,,"NA","C:\Users\szoke\Documents\BatteryDegradationAtlas\reports\discovery_run_zenodo_isu_ilcc_20260203_085731\logs\isu_ilcc_g60c4.log.txt"
"zenodo_isu_ilcc","isu_ilcc_g61c2.log.parquet","isu_ilcc_g61c2.log","0","0",,,,,,,"NA","C:\Users\szoke\Documents\BatteryDegradationAtlas\reports\discovery_run_zenodo_isu_ilcc_20260203_085731\logs\isu_ilcc_g61c2.log.txt"
"zenodo_isu_ilcc","isu_ilcc_g61c3.log.parquet","isu_ilcc_g61c3.log","0","0",,,,,,,"NA","C:\Users\szoke\Documents\BatteryDegradationAtlas\reports\discovery_run_zenodo_isu_ilcc_20260203_085731\logs\isu_ilcc_g61c3.log.txt"
"zenodo_isu_ilcc","isu_ilcc_g61c4.log.parquet","isu_ilcc_g61c4.log","0","0",,,,,,,"NA","C:\Users\szoke\Documents\BatteryDegradationAtlas\reports\discovery_run_zenodo_isu_ilcc_20260203_085731\logs\isu_ilcc_g61c4.log.txt"
"zenodo_isu_ilcc","isu_ilcc_g62c1.log.parquet","isu_ilcc_g62c1.log","0","0",,,,,,,"NA","C:\Users\szoke\Documents\BatteryDegradationAtlas\reports\discovery_run_zenodo_isu_ilcc_20260203_085731\logs\isu_ilcc_g62c1.log.txt"
"zenodo_isu_ilcc","isu_ilcc_g62c2.log.parquet","isu_ilcc_g62c2.log","0","0",,,,,,,"NA","C:\Users\szoke\Documents\BatteryDegradationAtlas\reports\discovery_run_zenodo_isu_ilcc_20260203_085731\logs\isu_ilcc_g62c2.log.txt"
"zenodo_isu_ilcc","isu_ilcc_g62c3.log.parquet","isu_ilcc_g62c3.log","0","0",,,,,,,"NA","C:\Users\szoke\Documents\BatteryDegradationAtlas\reports\discovery_run_zenodo_isu_ilcc_20260203_085731\logs\isu_ilcc_g62c3.log.txt"
"zenodo_isu_ilcc","isu_ilcc_g62c4.log.parquet","isu_ilcc_g62c4.log","0","0",,,,,,,"NA","C:\Users\szoke\Documents\BatteryDegradationAtlas\reports\discovery_run_zenodo_isu_ilcc_20260203_085731\logs\isu_ilcc_g62c4.log.txt"
"zenodo_isu_ilcc","isu_ilcc_g63c1.log.parquet","isu_ilcc_g63c1.log","0","0",,,,,,,"NA","C:\Users\szoke\Documents\BatteryDegradationAtlas\reports\discovery_run_zenodo_isu_ilcc_20260203_085731\logs\isu_ilcc_g63c1.log.txt"
"zenodo_isu_ilcc","isu_ilcc_g63c2.log.parquet","isu_ilcc_g63c2.log","0","0",,,,,,,"NA","C:\Users\szoke\Documents\BatteryDegradationAtlas\reports\discovery_run_zenodo_isu_ilcc_20260203_085731\logs\isu_ilcc_g63c2.log.txt"
"zenodo_isu_ilcc","isu_ilcc_g63c3.log.parquet","isu_ilcc_g63c3.log","0","0",,,,,,,"NA","C:\Users\szoke\Documents\BatteryDegradationAtlas\reports\discovery_run_zenodo_isu_ilcc_20260203_085731\logs\isu_ilcc_g63c3.log.txt"
"zenodo_isu_ilcc","isu_ilcc_g63c4.log.parquet","isu_ilcc_g63c4.log","0","0",,,,,,,"NA","C:\Users\szoke\Documents\BatteryDegradationAtlas\reports\discovery_run_zenodo_isu_ilcc_20260203_085731\logs\isu_ilcc_g63c4.log.txt"
"zenodo_isu_ilcc","isu_ilcc_g64c1.log.parquet","isu_ilcc_g64c1.log","0","0",,,,,,,"NA","C:\Users\szoke\Documents\BatteryDegradationAtlas\reports\discovery_run_zenodo_isu_ilcc_20260203_085731\logs\isu_ilcc_g64c1.log.txt"
"zenodo_isu_ilcc","isu_ilcc_g64c2.log.parquet","isu_ilcc_g64c2.log","0","0",,,,,,,"NA","C:\Users\szoke\Documents\BatteryDegradationAtlas\reports\discovery_run_zenodo_isu_ilcc_20260203_085731\logs\isu_ilcc_g64c2.log.txt"
"zenodo_isu_ilcc","isu_ilcc_g64c3.log.parquet","isu_ilcc_g64c3.log","0","0",,,,,,,"NA","C:\Users\szoke\Documents\BatteryDegradationAtlas\reports\discovery_run_zenodo_isu_ilcc_20260203_085731\logs\isu_ilcc_g64c3.log.txt"
"zenodo_isu_ilcc","isu_ilcc_g64c4.log.parquet","isu_ilcc_g64c4.log","0","0",,,,,,,"NA","C:\Users\szoke\Documents\BatteryDegradationAtlas\reports\discovery_run_zenodo_isu_ilcc_20260203_085731\logs\isu_ilcc_g64c4.log.txt"
"zenodo_isu_ilcc","isu_ilcc_g6c1.log.parquet","isu_ilcc_g6c1.log","0","0",,,,,,,"NA","C:\Users\szoke\Documents\BatteryDegradationAtlas\reports\discovery_run_zenodo_isu_ilcc_20260203_085731\logs\isu_ilcc_g6c1.log.txt"
"zenodo_isu_ilcc","isu_ilcc_g6c2.log.parquet","isu_ilcc_g6c2.log","0","0",,,,,,,"NA","C:\Users\szoke\Documents\BatteryDegradationAtlas\reports\discovery_run_zenodo_isu_ilcc_20260203_085731\logs\isu_ilcc_g6c2.log.txt"
"zenodo_isu_ilcc","isu_ilcc_g6c3.log.parquet","isu_ilcc_g6c3.log","0","0",,,,,,,"NA","C:\Users\szoke\Documents\BatteryDegradationAtlas\reports\discovery_run_zenodo_isu_ilcc_20260203_085731\logs\isu_ilcc_g6c3.log.txt"
"zenodo_isu_ilcc","isu_ilcc_g6c4.log.parquet","isu_ilcc_g6c4.log","0","0",,,,,,,"NA","C:\Users\szoke\Documents\BatteryDegradationAtlas\reports\discovery_run_zenodo_isu_ilcc_20260203_085731\logs\isu_ilcc_g6c4.log.txt"
"zenodo_isu_ilcc","isu_ilcc_g7c1.log.parquet","isu_ilcc_g7c1.log","0","0",,,,,,,"NA","C:\Users\szoke\Documents\BatteryDegradationAtlas\reports\discovery_run_zenodo_isu_ilcc_20260203_085731\logs\isu_ilcc_g7c1.log.txt"
"zenodo_isu_ilcc","isu_ilcc_g7c2.log.parquet","isu_ilcc_g7c2.log","0","0",,,,,,,"NA","C:\Users\szoke\Documents\BatteryDegradationAtlas\reports\discovery_run_zenodo_isu_ilcc_20260203_085731\logs\isu_ilcc_g7c2.log.txt"
"zenodo_isu_ilcc","isu_ilcc_g7c3.log.parquet","isu_ilcc_g7c3.log","0","0",,,,,,,"NA","C:\Users\szoke\Documents\BatteryDegradationAtlas\reports\discovery_run_zenodo_isu_ilcc_20260203_085731\logs\isu_ilcc_g7c3.log.txt"
"zenodo_isu_ilcc","isu_ilcc_g7c4.log.parquet","isu_ilcc_g7c4.log","0","0",,,,,,,"NA","C:\Users\szoke\Documents\BatteryDegradationAtlas\reports\discovery_run_zenodo_isu_ilcc_20260203_085731\logs\isu_ilcc_g7c4.log.txt"
"zenodo_isu_ilcc","isu_ilcc_g8c1.log.parquet","isu_ilcc_g8c1.log","0","0",,,,,,,"NA","C:\Users\szoke\Documents\BatteryDegradationAtlas\reports\discovery_run_zenodo_isu_ilcc_20260203_085731\logs\isu_ilcc_g8c1.log.txt"
"zenodo_isu_ilcc","isu_ilcc_g8c2.log.parquet","isu_ilcc_g8c2.log","0","0",,,,,,,"NA","C:\Users\szoke\Documents\BatteryDegradationAtlas\reports\discovery_run_zenodo_isu_ilcc_20260203_085731\logs\isu_ilcc_g8c2.log.txt"
"zenodo_isu_ilcc","isu_ilcc_g8c3.log.parquet","isu_ilcc_g8c3.log","0","0",,,,,,,"NA","C:\Users\szoke\Documents\BatteryDegradationAtlas\reports\discovery_run_zenodo_isu_ilcc_20260203_085731\logs\isu_ilcc_g8c3.log.txt"
"zenodo_isu_ilcc","isu_ilcc_g8c4.log.parquet","isu_ilcc_g8c4.log","0","0",,,,,,,"NA","C:\Users\szoke\Documents\BatteryDegradationAtlas\reports\discovery_run_zenodo_isu_ilcc_20260203_085731\logs\isu_ilcc_g8c4.log.txt"
"zenodo_isu_ilcc","isu_ilcc_g9c1.log.parquet","isu_ilcc_g9c1.log","0","0",,,,,,,"NA","C:\Users\szoke\Documents\BatteryDegradationAtlas\reports\discovery_run_zenodo_isu_ilcc_20260203_085731\logs\isu_ilcc_g9c1.log.txt"
"zenodo_isu_ilcc","isu_ilcc_g9c2.log.parquet","isu_ilcc_g9c2.log","0","0",,,,,,,"NA","C:\Users\szoke\Documents\BatteryDegradationAtlas\reports\discovery_run_zenodo_isu_ilcc_20260203_085731\logs\isu_ilcc_g9c2.log.txt"
"zenodo_isu_ilcc","isu_ilcc_g9c3.log.parquet","isu_ilcc_g9c3.log","0","0",,,,,,,"NA","C:\Users\szoke\Documents\BatteryDegradationAtlas\reports\discovery_run_zenodo_isu_ilcc_20260203_085731\logs\isu_ilcc_g9c3.log.txt"
