"dataset","file","cell_id","exit_code","parse_ok","spearman_r_num","warning_cycle","lead_knee","lead_eol","knee_cycle","eol_cycle_v4","out_base","log_path"
"zenodo_xjtu","xjtu_2c_battery_1.log.parquet","xjtu_2c_battery_1.log","0","0",,,,,,,"NA","C:\Users\szoke\Documents\BatteryDegradationAtlas\reports\discovery_run_zenodo_xjtu_20260203_095428\logs\xjtu_2c_battery_1.log.txt"
"zenodo_xjtu","xjtu_2c_battery_2.log.parquet","xjtu_2c_battery_2.log","0","0",,,,,,,"NA","C:\Users\szoke\Documents\BatteryDegradationAtlas\reports\discovery_run_zenodo_xjtu_20260203_095428\logs\xjtu_2c_battery_2.log.txt"
"zenodo_xjtu","xjtu_2c_battery_3.log.parquet","xjtu_2c_battery_3.log","0","0",,,,,,,"NA","C:\Users\szoke\Documents\BatteryDegradationAtlas\reports\discovery_run_zenodo_xjtu_20260203_095428\logs\xjtu_2c_battery_3.log.txt"
"zenodo_xjtu","xjtu_2c_battery_4.log.parquet","xjtu_2c_battery_4.log","0","0",,,,,,,"NA","C:\Users\szoke\Documents\BatteryDegradationAtlas\reports\discovery_run_zenodo_xjtu_20260203_095428\logs\xjtu_2c_battery_4.log.txt"
"zenodo_xjtu","xjtu_2c_battery_5.log.parquet","xjtu_2c_battery_5.log","0","0",,,,,,,"NA","C:\Users\szoke\Documents\BatteryDegradationAtlas\reports\discovery_run_zenodo_xjtu_20260203_095428\logs\xjtu_2c_battery_5.log.txt"
"zenodo_xjtu","xjtu_2c_battery_6.log.parquet","xjtu_2c_battery_6.log","0","0",,,,,,,"NA","C:\Users\szoke\Documents\BatteryDegradationAtlas\reports\discovery_run_zenodo_xjtu_20260203_095428\logs\xjtu_2c_battery_6.log.txt"
"zenodo_xjtu","xjtu_2c_battery_7.log.parquet","xjtu_2c_battery_7.log","0","0",,,,,,,"NA","C:\Users\szoke\Documents\BatteryDegradationAtlas\reports\discovery_run_zenodo_xjtu_20260203_095428\logs\xjtu_2c_battery_7.log.txt"
"zenodo_xjtu","xjtu_2c_battery_8.log.parquet","xjtu_2c_battery_8.log","0","0",,,,,,,"NA","C:\Users\szoke\Documents\BatteryDegradationAtlas\reports\discovery_run_zenodo_xjtu_20260203_095428\logs\xjtu_2c_battery_8.log.txt"
"zenodo_xjtu","xjtu_3c_battery_1.log.parquet","xjtu_3c_battery_1.log","0","0",,,,,,,"NA","C:\Users\szoke\Documents\BatteryDegradationAtlas\reports\discovery_run_zenodo_xjtu_20260203_095428\logs\xjtu_3c_battery_1.log.txt"
"zenodo_xjtu","xjtu_3c_battery_10.log.parquet","xjtu_3c_battery_10.log","0","0",,,,,,,"NA","C:\Users\szoke\Documents\BatteryDegradationAtlas\reports\discovery_run_zenodo_xjtu_20260203_095428\logs\xjtu_3c_battery_10.log.txt"
"zenodo_xjtu","xjtu_3c_battery_11.log.parquet","xjtu_3c_battery_11.log","0","0",,,,,,,"NA","C:\Users\szoke\Documents\BatteryDegradationAtlas\reports\discovery_run_zenodo_xjtu_20260203_095428\logs\xjtu_3c_battery_11.log.txt"
"zenodo_xjtu","xjtu_3c_battery_12.log.parquet","xjtu_3c_battery_12.log","0","0",,,,,,,"NA","C:\Users\szoke\Documents\BatteryDegradationAtlas\reports\discovery_run_zenodo_xjtu_20260203_095428\logs\xjtu_3c_battery_12.log.txt"
"zenodo_xjtu","xjtu_3c_battery_13.log.parquet","xjtu_3c_battery_13.log","0","0",,,,,,,"NA","C:\Users\szoke\Documents\BatteryDegradationAtlas\reports\discovery_run_zenodo_xjtu_20260203_095428\logs\xjtu_3c_battery_13.log.txt"
"zenodo_xjtu","xjtu_3c_battery_14.log.parquet","xjtu_3c_battery_14.log","0","0",,,,,,,"NA","C:\Users\szoke\Documents\BatteryDegradationAtlas\reports\discovery_run_zenodo_xjtu_20260203_095428\logs\xjtu_3c_battery_14.log.txt"
"zenodo_xjtu","xjtu_3c_battery_15.log.parquet","xjtu_3c_battery_15.log","0","0",,,,,,,"NA","C:\Users\szoke\Documents\BatteryDegradationAtlas\reports\discovery_run_zenodo_xjtu_20260203_095428\logs\xjtu_3c_battery_15.log.txt"
"zenodo_xjtu","xjtu_3c_battery_2.log.parquet","xjtu_3c_battery_2.log","0","0",,,,,,,"NA","C:\Users\szoke\Documents\BatteryDegradationAtlas\reports\discovery_run_zenodo_xjtu_20260203_095428\logs\xjtu_3c_battery_2.log.txt"
"zenodo_xjtu","xjtu_3c_battery_3.log.parquet","xjtu_3c_battery_3.log","0","0",,,,,,,"NA","C:\Users\szoke\Documents\BatteryDegradationAtlas\reports\discovery_run_zenodo_xjtu_20260203_095428\logs\xjtu_3c_battery_3.log.txt"
"zenodo_xjtu","xjtu_3c_battery_4.log.parquet","xjtu_3c_battery_4.log","0","0",,,,,,,"NA","C:\Users\szoke\Documents\BatteryDegradationAtlas\reports\discovery_run_zenodo_xjtu_20260203_095428\logs\xjtu_3c_battery_4.log.txt"
"zenodo_xjtu","xjtu_3c_battery_5.log.parquet","xjtu_3c_battery_5.log","0","0",,,,,,,"NA","C:\Users\szoke\Documents\BatteryDegradationAtlas\reports\discovery_run_zenodo_xjtu_20260203_095428\logs\xjtu_3c_battery_5.log.txt"
"zenodo_xjtu","xjtu_3c_battery_6.log.parquet","xjtu_3c_battery_6.log","0","0",,,,,,,"NA","C:\Users\szoke\Documents\BatteryDegradationAtlas\reports\discovery_run_zenodo_xjtu_20260203_095428\logs\xjtu_3c_battery_6.log.txt"
"zenodo_xjtu","xjtu_3c_battery_7.log.parquet","xjtu_3c_battery_7.log","0","0",,,,,,,"NA","C:\Users\szoke\Documents\BatteryDegradationAtlas\reports\discovery_run_zenodo_xjtu_20260203_095428\logs\xjtu_3c_battery_7.log.txt"
"zenodo_xjtu","xjtu_3c_battery_8.log.parquet","xjtu_3c_battery_8.log","0","0",,,,,,,"NA","C:\Users\szoke\Documents\BatteryDegradationAtlas\reports\discovery_run_zenodo_xjtu_20260203_095428\logs\xjtu_3c_battery_8.log.txt"
"zenodo_xjtu","xjtu_3c_battery_9.log.parquet","xjtu_3c_battery_9.log","0","0",,,,,,,"NA","C:\Users\szoke\Documents\BatteryDegradationAtlas\reports\discovery_run_zenodo_xjtu_20260203_095428\logs\xjtu_3c_battery_9.log.txt"
