"dataset","file","cell_id","exit_code","parse_ok","spearman_r_num","warning_cycle","lead_knee","lead_eol","knee_cycle","eol_cycle_v4","out_base","log_path"
"zenodo_hnei","hnei_18650_nmc_lco_25c_0_100_0_5_1_5c_a.log.parquet","hnei_18650_nmc_lco_25c_0_100_0_5_1_5c_a.log","0","0",,,,,,,"NA","C:\Users\szoke\Documents\BatteryDegradationAtlas\reports\discovery_run_zenodo_hnei_20260203_085353\logs\hnei_18650_nmc_lco_25c_0_100_0_5_1_5c_a.log.txt"
"zenodo_hnei","hnei_18650_nmc_lco_25c_0_100_0_5_1_5c_b.log.parquet","hnei_18650_nmc_lco_25c_0_100_0_5_1_5c_b.log","0","0",,,,,,,"NA","C:\Users\szoke\Documents\BatteryDegradationAtlas\reports\discovery_run_zenodo_hnei_20260203_085353\logs\hnei_18650_nmc_lco_25c_0_100_0_5_1_5c_b.log.txt"
"zenodo_hnei","hnei_18650_nmc_lco_25c_0_100_0_5_1_5c_c.log.parquet","hnei_18650_nmc_lco_25c_0_100_0_5_1_5c_c.log","0","0",,,,,,,"NA","C:\Users\szoke\Documents\BatteryDegradationAtlas\reports\discovery_run_zenodo_hnei_20260203_085353\logs\hnei_18650_nmc_lco_25c_0_100_0_5_1_5c_c.log.txt"
"zenodo_hnei","hnei_18650_nmc_lco_25c_0_100_0_5_1_5c_d.log.parquet","hnei_18650_nmc_lco_25c_0_100_0_5_1_5c_d.log","0","0",,,,,,,"NA","C:\Users\szoke\Documents\BatteryDegradationAtlas\reports\discovery_run_zenodo_hnei_20260203_085353\logs\hnei_18650_nmc_lco_25c_0_100_0_5_1_5c_d.log.txt"
"zenodo_hnei","hnei_18650_nmc_lco_25c_0_100_0_5_1_5c_e.log.parquet","hnei_18650_nmc_lco_25c_0_100_0_5_1_5c_e.log","0","0",,,,,,,"NA","C:\Users\szoke\Documents\BatteryDegradationAtlas\reports\discovery_run_zenodo_hnei_20260203_085353\logs\hnei_18650_nmc_lco_25c_0_100_0_5_1_5c_e.log.txt"
"zenodo_hnei","hnei_18650_nmc_lco_25c_0_100_0_5_1_5c_f.log.parquet","hnei_18650_nmc_lco_25c_0_100_0_5_1_5c_f.log","0","0",,,,,,,"NA","C:\Users\szoke\Documents\BatteryDegradationAtlas\reports\discovery_run_zenodo_hnei_20260203_085353\logs\hnei_18650_nmc_lco_25c_0_100_0_5_1_5c_f.log.txt"
"zenodo_hnei","hnei_18650_nmc_lco_25c_0_100_0_5_1_5c_g.log.parquet","hnei_18650_nmc_lco_25c_0_100_0_5_1_5c_g.log","0","0",,,,,,,"NA","C:\Users\szoke\Documents\BatteryDegradationAtlas\reports\discovery_run_zenodo_hnei_20260203_085353\logs\hnei_18650_nmc_lco_25c_0_100_0_5_1_5c_g.log.txt"
"zenodo_hnei","hnei_18650_nmc_lco_25c_0_100_0_5_1_5c_j.log.parquet","hnei_18650_nmc_lco_25c_0_100_0_5_1_5c_j.log","0","0",,,,,,,"NA","C:\Users\szoke\Documents\BatteryDegradationAtlas\reports\discovery_run_zenodo_hnei_20260203_085353\logs\hnei_18650_nmc_lco_25c_0_100_0_5_1_5c_j.log.txt"
"zenodo_hnei","hnei_18650_nmc_lco_25c_0_100_0_5_1_5c_l.log.parquet","hnei_18650_nmc_lco_25c_0_100_0_5_1_5c_l.log","0","0",,,,,,,"NA","C:\Users\szoke\Documents\BatteryDegradationAtlas\reports\discovery_run_zenodo_hnei_20260203_085353\logs\hnei_18650_nmc_lco_25c_0_100_0_5_1_5c_l.log.txt"
"zenodo_hnei","hnei_18650_nmc_lco_25c_0_100_0_5_1_5c_n.log.parquet","hnei_18650_nmc_lco_25c_0_100_0_5_1_5c_n.log","0","0",,,,,,,"NA","C:\Users\szoke\Documents\BatteryDegradationAtlas\reports\discovery_run_zenodo_hnei_20260203_085353\logs\hnei_18650_nmc_lco_25c_0_100_0_5_1_5c_n.log.txt"
"zenodo_hnei","hnei_18650_nmc_lco_25c_0_100_0_5_1_5c_o.log.parquet","hnei_18650_nmc_lco_25c_0_100_0_5_1_5c_o.log","0","0",,,,,,,"NA","C:\Users\szoke\Documents\BatteryDegradationAtlas\reports\discovery_run_zenodo_hnei_20260203_085353\logs\hnei_18650_nmc_lco_25c_0_100_0_5_1_5c_o.log.txt"
"zenodo_hnei","hnei_18650_nmc_lco_25c_0_100_0_5_1_5c_p.log.parquet","hnei_18650_nmc_lco_25c_0_100_0_5_1_5c_p.log","0","0",,,,,,,"NA","C:\Users\szoke\Documents\BatteryDegradationAtlas\reports\discovery_run_zenodo_hnei_20260203_085353\logs\hnei_18650_nmc_lco_25c_0_100_0_5_1_5c_p.log.txt"
"zenodo_hnei","hnei_18650_nmc_lco_25c_0_100_0_5_1_5c_s.log.parquet","hnei_18650_nmc_lco_25c_0_100_0_5_1_5c_s.log","0","0",,,,,,,"NA","C:\Users\szoke\Documents\BatteryDegradationAtlas\reports\discovery_run_zenodo_hnei_20260203_085353\logs\hnei_18650_nmc_lco_25c_0_100_0_5_1_5c_s.log.txt"
"zenodo_hnei","hnei_18650_nmc_lco_25c_0_100_0_5_1_5c_t.log.parquet","hnei_18650_nmc_lco_25c_0_100_0_5_1_5c_t.log","0","0",,,,,,,"NA","C:\Users\szoke\Documents\BatteryDegradationAtlas\reports\discovery_run_zenodo_hnei_20260203_085353\logs\hnei_18650_nmc_lco_25c_0_100_0_5_1_5c_t.log.txt"
