"dataset","file","cell_id","exit_code","parse_ok","spearman_r_num","warning_cycle","lead_knee","lead_eol","knee_cycle","eol_cycle_v4","out_base","log_path"
"zenodo_calce","calce_cs2_33.log.parquet","calce_cs2_33.log","0","1","0.26738596824122085","184","491","580","675","764","data\processed\within_cell_ic_v4","C:\Users\szoke\Documents\BatteryDegradationAtlas\reports\discovery_run_zenodo_calce_20260203_085352\logs\calce_cs2_33.log.txt"
"zenodo_calce","calce_cs2_34.log.parquet","calce_cs2_34.log","0","1","0.26738596824122085","184","491","580","675","764","data\processed\within_cell_ic_v4","C:\Users\szoke\Documents\BatteryDegradationAtlas\reports\discovery_run_zenodo_calce_20260203_085352\logs\calce_cs2_34.log.txt"
"zenodo_calce","calce_cs2_35.log.parquet","calce_cs2_35.log","0","1","0.26738596824122085","184","491","580","675","764","data\processed\within_cell_ic_v4","C:\Users\szoke\Documents\BatteryDegradationAtlas\reports\discovery_run_zenodo_calce_20260203_085352\logs\calce_cs2_35.log.txt"
"zenodo_calce","calce_cs2_36.log.parquet","calce_cs2_36.log","0","1","0.26738596824122085","184","491","580","675","764","data\processed\within_cell_ic_v4","C:\Users\szoke\Documents\BatteryDegradationAtlas\reports\discovery_run_zenodo_calce_20260203_085352\logs\calce_cs2_36.log.txt"
"zenodo_calce","calce_cs2_37.log.parquet","calce_cs2_37.log","0","1","0.26738596824122085","184","491","580","675","764","data\processed\within_cell_ic_v4","C:\Users\szoke\Documents\BatteryDegradationAtlas\reports\discovery_run_zenodo_calce_20260203_085352\logs\calce_cs2_37.log.txt"
"zenodo_calce","calce_cs2_38.log.parquet","calce_cs2_38.log","0","1","0.26738596824122085","184","491","580","675","764","data\processed\within_cell_ic_v4","C:\Users\szoke\Documents\BatteryDegradationAtlas\reports\discovery_run_zenodo_calce_20260203_085352\logs\calce_cs2_38.log.txt"
"zenodo_calce","calce_cx2_16.log.parquet","calce_cx2_16.log","0","1","0.26738596824122085","184","491","580","675","764","data\processed\within_cell_ic_v4","C:\Users\szoke\Documents\BatteryDegradationAtlas\reports\discovery_run_zenodo_calce_20260203_085352\logs\calce_cx2_16.log.txt"
"zenodo_calce","calce_cx2_33.log.parquet","calce_cx2_33.log","0","1","0.26738596824122085","184","491","580","675","764","data\processed\within_cell_ic_v4","C:\Users\szoke\Documents\BatteryDegradationAtlas\reports\discovery_run_zenodo_calce_20260203_085352\logs\calce_cx2_33.log.txt"
"zenodo_calce","calce_cx2_34.log.parquet","calce_cx2_34.log","0","1","0.26738596824122085","184","491","580","675","764","data\processed\within_cell_ic_v4","C:\Users\szoke\Documents\BatteryDegradationAtlas\reports\discovery_run_zenodo_calce_20260203_085352\logs\calce_cx2_34.log.txt"
"zenodo_calce","calce_cx2_35.log.parquet","calce_cx2_35.log","0","1","0.26738596824122085","184","491","580","675","764","data\processed\within_cell_ic_v4","C:\Users\szoke\Documents\BatteryDegradationAtlas\reports\discovery_run_zenodo_calce_20260203_085352\logs\calce_cx2_35.log.txt"
"zenodo_calce","calce_cx2_36.log.parquet","calce_cx2_36.log","0","1","0.26738596824122085","184","491","580","675","764","data\processed\within_cell_ic_v4","C:\Users\szoke\Documents\BatteryDegradationAtlas\reports\discovery_run_zenodo_calce_20260203_085352\logs\calce_cx2_36.log.txt"
"zenodo_calce","calce_cx2_37.log.parquet","calce_cx2_37.log","0","1","0.26738596824122085","184","491","580","675","764","data\processed\within_cell_ic_v4","C:\Users\szoke\Documents\BatteryDegradationAtlas\reports\discovery_run_zenodo_calce_20260203_085352\logs\calce_cx2_37.log.txt"
"zenodo_calce","calce_cx2_38.log.parquet","calce_cx2_38.log","0","1","0.26738596824122085","184","491","580","675","764","data\processed\within_cell_ic_v4","C:\Users\szoke\Documents\BatteryDegradationAtlas\reports\discovery_run_zenodo_calce_20260203_085352\logs\calce_cx2_38.log.txt"
