"dataset","file","cell_id","exit_code","parse_ok","spearman_r_num","warning_cycle","lead_knee","lead_eol","knee_cycle","eol_cycle_v4","out_base","log_path"
"zenodo_mich","mich_blform1_pouch_nmc_45c_0_100_1_1c_a.log.parquet","mich_blform1_pouch_nmc_45c_0_100_1_1c_a.log","0","0",,,,,,,"NA","C:\Users\szoke\Documents\BatteryDegradationAtlas\reports\discovery_run_zenodo_mich_20260203_093214\logs\mich_blform1_pouch_nmc_45c_0_100_1_1c_a.log.txt"
"zenodo_mich","mich_blform10_pouch_nmc_25c_0_100_1_1c_j.log.parquet","mich_blform10_pouch_nmc_25c_0_100_1_1c_j.log","0","0",,,,,,,"NA","C:\Users\szoke\Documents\BatteryDegradationAtlas\reports\discovery_run_zenodo_mich_20260203_093214\logs\mich_blform10_pouch_nmc_25c_0_100_1_1c_j.log.txt"
"zenodo_mich","mich_blform11_pouch_nmc_25c_0_100_1_1c_a.log.parquet","mich_blform11_pouch_nmc_25c_0_100_1_1c_a.log","0","0",,,,,,,"NA","C:\Users\szoke\Documents\BatteryDegradationAtlas\reports\discovery_run_zenodo_mich_20260203_093214\logs\mich_blform11_pouch_nmc_25c_0_100_1_1c_a.log.txt"
"zenodo_mich","mich_blform12_pouch_nmc_25c_0_100_1_1c_b.log.parquet","mich_blform12_pouch_nmc_25c_0_100_1_1c_b.log","0","0",,,,,,,"NA","C:\Users\szoke\Documents\BatteryDegradationAtlas\reports\discovery_run_zenodo_mich_20260203_093214\logs\mich_blform12_pouch_nmc_25c_0_100_1_1c_b.log.txt"
"zenodo_mich","mich_blform13_pouch_nmc_25c_0_100_1_1c_c.log.parquet","mich_blform13_pouch_nmc_25c_0_100_1_1c_c.log","0","0",,,,,,,"NA","C:\Users\szoke\Documents\BatteryDegradationAtlas\reports\discovery_run_zenodo_mich_20260203_093214\logs\mich_blform13_pouch_nmc_25c_0_100_1_1c_c.log.txt"
"zenodo_mich","mich_blform14_pouch_nmc_25c_0_100_1_1c_d.log.parquet","mich_blform14_pouch_nmc_25c_0_100_1_1c_d.log","0","0",,,,,,,"NA","C:\Users\szoke\Documents\BatteryDegradationAtlas\reports\discovery_run_zenodo_mich_20260203_093214\logs\mich_blform14_pouch_nmc_25c_0_100_1_1c_d.log.txt"
"zenodo_mich","mich_blform15_pouch_nmc_25c_0_100_1_1c_e.log.parquet","mich_blform15_pouch_nmc_25c_0_100_1_1c_e.log","0","0",,,,,,,"NA","C:\Users\szoke\Documents\BatteryDegradationAtlas\reports\discovery_run_zenodo_mich_20260203_093214\logs\mich_blform15_pouch_nmc_25c_0_100_1_1c_e.log.txt"
"zenodo_mich","mich_blform16_pouch_nmc_25c_0_100_1_1c_f.log.parquet","mich_blform16_pouch_nmc_25c_0_100_1_1c_f.log","0","0",,,,,,,"NA","C:\Users\szoke\Documents\BatteryDegradationAtlas\reports\discovery_run_zenodo_mich_20260203_093214\logs\mich_blform16_pouch_nmc_25c_0_100_1_1c_f.log.txt"
"zenodo_mich","mich_blform17_pouch_nmc_25c_0_100_1_1c_g.log.parquet","mich_blform17_pouch_nmc_25c_0_100_1_1c_g.log","0","0",,,,,,,"NA","C:\Users\szoke\Documents\BatteryDegradationAtlas\reports\discovery_run_zenodo_mich_20260203_093214\logs\mich_blform17_pouch_nmc_25c_0_100_1_1c_g.log.txt"
"zenodo_mich","mich_blform18_pouch_nmc_25c_0_100_1_1c_h.log.parquet","mich_blform18_pouch_nmc_25c_0_100_1_1c_h.log","0","0",,,,,,,"NA","C:\Users\szoke\Documents\BatteryDegradationAtlas\reports\discovery_run_zenodo_mich_20260203_093214\logs\mich_blform18_pouch_nmc_25c_0_100_1_1c_h.log.txt"
"zenodo_mich","mich_blform19_pouch_nmc_25c_0_100_1_1c_i.log.parquet","mich_blform19_pouch_nmc_25c_0_100_1_1c_i.log","0","0",,,,,,,"NA","C:\Users\szoke\Documents\BatteryDegradationAtlas\reports\discovery_run_zenodo_mich_20260203_093214\logs\mich_blform19_pouch_nmc_25c_0_100_1_1c_i.log.txt"
"zenodo_mich","mich_blform2_pouch_nmc_45c_0_100_1_1c_b.log.parquet","mich_blform2_pouch_nmc_45c_0_100_1_1c_b.log","0","0",,,,,,,"NA","C:\Users\szoke\Documents\BatteryDegradationAtlas\reports\discovery_run_zenodo_mich_20260203_093214\logs\mich_blform2_pouch_nmc_45c_0_100_1_1c_b.log.txt"
"zenodo_mich","mich_blform20_pouch_nmc_25c_0_100_1_1c_j.log.parquet","mich_blform20_pouch_nmc_25c_0_100_1_1c_j.log","0","0",,,,,,,"NA","C:\Users\szoke\Documents\BatteryDegradationAtlas\reports\discovery_run_zenodo_mich_20260203_093214\logs\mich_blform20_pouch_nmc_25c_0_100_1_1c_j.log.txt"
"zenodo_mich","mich_blform3_pouch_nmc_45c_0_100_1_1c_c.log.parquet","mich_blform3_pouch_nmc_45c_0_100_1_1c_c.log","0","0",,,,,,,"NA","C:\Users\szoke\Documents\BatteryDegradationAtlas\reports\discovery_run_zenodo_mich_20260203_093214\logs\mich_blform3_pouch_nmc_45c_0_100_1_1c_c.log.txt"
"zenodo_mich","mich_blform4_pouch_nmc_45c_0_100_1_1c_d.log.parquet","mich_blform4_pouch_nmc_45c_0_100_1_1c_d.log","0","0",,,,,,,"NA","C:\Users\szoke\Documents\BatteryDegradationAtlas\reports\discovery_run_zenodo_mich_20260203_093214\logs\mich_blform4_pouch_nmc_45c_0_100_1_1c_d.log.txt"
"zenodo_mich","mich_blform5_pouch_nmc_45c_0_100_1_1c_e.log.parquet","mich_blform5_pouch_nmc_45c_0_100_1_1c_e.log","0","0",,,,,,,"NA","C:\Users\szoke\Documents\BatteryDegradationAtlas\reports\discovery_run_zenodo_mich_20260203_093214\logs\mich_blform5_pouch_nmc_45c_0_100_1_1c_e.log.txt"
"zenodo_mich","mich_blform6_pouch_nmc_45c_0_100_1_1c_f.log.parquet","mich_blform6_pouch_nmc_45c_0_100_1_1c_f.log","0","0",,,,,,,"NA","C:\Users\szoke\Documents\BatteryDegradationAtlas\reports\discovery_run_zenodo_mich_20260203_093214\logs\mich_blform6_pouch_nmc_45c_0_100_1_1c_f.log.txt"
"zenodo_mich","mich_blform7_pouch_nmc_45c_0_100_1_1c_g.log.parquet","mich_blform7_pouch_nmc_45c_0_100_1_1c_g.log","0","0",,,,,,,"NA","C:\Users\szoke\Documents\BatteryDegradationAtlas\reports\discovery_run_zenodo_mich_20260203_093214\logs\mich_blform7_pouch_nmc_45c_0_100_1_1c_g.log.txt"
"zenodo_mich","mich_blform8_pouch_nmc_45c_0_100_1_1c_h.log.parquet","mich_blform8_pouch_nmc_45c_0_100_1_1c_h.log","0","0",,,,,,,"NA","C:\Users\szoke\Documents\BatteryDegradationAtlas\reports\discovery_run_zenodo_mich_20260203_093214\logs\mich_blform8_pouch_nmc_45c_0_100_1_1c_h.log.txt"
"zenodo_mich","mich_blform9_pouch_nmc_45c_0_100_1_1c_i.log.parquet","mich_blform9_pouch_nmc_45c_0_100_1_1c_i.log","0","0",,,,,,,"NA","C:\Users\szoke\Documents\BatteryDegradationAtlas\reports\discovery_run_zenodo_mich_20260203_093214\logs\mich_blform9_pouch_nmc_45c_0_100_1_1c_i.log.txt"
"zenodo_mich","mich_mcform21_pouch_nmc_25c_0_100_1_1c_a.log.parquet","mich_mcform21_pouch_nmc_25c_0_100_1_1c_a.log","0","0",,,,,,,"NA","C:\Users\szoke\Documents\BatteryDegradationAtlas\reports\discovery_run_zenodo_mich_20260203_093214\logs\mich_mcform21_pouch_nmc_25c_0_100_1_1c_a.log.txt"
"zenodo_mich","mich_mcform22_pouch_nmc_25c_0_100_1_1c_b.log.parquet","mich_mcform22_pouch_nmc_25c_0_100_1_1c_b.log","0","0",,,,,,,"NA","C:\Users\szoke\Documents\BatteryDegradationAtlas\reports\discovery_run_zenodo_mich_20260203_093214\logs\mich_mcform22_pouch_nmc_25c_0_100_1_1c_b.log.txt"
"zenodo_mich","mich_mcform23_pouch_nmc_25c_0_100_1_1c_c.log.parquet","mich_mcform23_pouch_nmc_25c_0_100_1_1c_c.log","0","0",,,,,,,"NA","C:\Users\szoke\Documents\BatteryDegradationAtlas\reports\discovery_run_zenodo_mich_20260203_093214\logs\mich_mcform23_pouch_nmc_25c_0_100_1_1c_c.log.txt"
"zenodo_mich","mich_mcform24_pouch_nmc_25c_0_100_1_1c_d.log.parquet","mich_mcform24_pouch_nmc_25c_0_100_1_1c_d.log","0","0",,,,,,,"NA","C:\Users\szoke\Documents\BatteryDegradationAtlas\reports\discovery_run_zenodo_mich_20260203_093214\logs\mich_mcform24_pouch_nmc_25c_0_100_1_1c_d.log.txt"
"zenodo_mich","mich_mcform25_pouch_nmc_25c_0_100_1_1c_e.log.parquet","mich_mcform25_pouch_nmc_25c_0_100_1_1c_e.log","0","0",,,,,,,"NA","C:\Users\szoke\Documents\BatteryDegradationAtlas\reports\discovery_run_zenodo_mich_20260203_093214\logs\mich_mcform25_pouch_nmc_25c_0_100_1_1c_e.log.txt"
"zenodo_mich","mich_mcform26_pouch_nmc_25c_0_100_1_1c_f.log.parquet","mich_mcform26_pouch_nmc_25c_0_100_1_1c_f.log","0","0",,,,,,,"NA","C:\Users\szoke\Documents\BatteryDegradationAtlas\reports\discovery_run_zenodo_mich_20260203_093214\logs\mich_mcform26_pouch_nmc_25c_0_100_1_1c_f.log.txt"
"zenodo_mich","mich_mcform27_pouch_nmc_25c_0_100_1_1c_g.log.parquet","mich_mcform27_pouch_nmc_25c_0_100_1_1c_g.log","0","0",,,,,,,"NA","C:\Users\szoke\Documents\BatteryDegradationAtlas\reports\discovery_run_zenodo_mich_20260203_093214\logs\mich_mcform27_pouch_nmc_25c_0_100_1_1c_g.log.txt"
"zenodo_mich","mich_mcform28_pouch_nmc_25c_0_100_1_1c_h.log.parquet","mich_mcform28_pouch_nmc_25c_0_100_1_1c_h.log","0","0",,,,,,,"NA","C:\Users\szoke\Documents\BatteryDegradationAtlas\reports\discovery_run_zenodo_mich_20260203_093214\logs\mich_mcform28_pouch_nmc_25c_0_100_1_1c_h.log.txt"
"zenodo_mich","mich_mcform29_pouch_nmc_25c_0_100_1_1c_i.log.parquet","mich_mcform29_pouch_nmc_25c_0_100_1_1c_i.log","0","0",,,,,,,"NA","C:\Users\szoke\Documents\BatteryDegradationAtlas\reports\discovery_run_zenodo_mich_20260203_093214\logs\mich_mcform29_pouch_nmc_25c_0_100_1_1c_i.log.txt"
"zenodo_mich","mich_mcform30_pouch_nmc_25c_0_100_1_1c_j.log.parquet","mich_mcform30_pouch_nmc_25c_0_100_1_1c_j.log","0","0",,,,,,,"NA","C:\Users\szoke\Documents\BatteryDegradationAtlas\reports\discovery_run_zenodo_mich_20260203_093214\logs\mich_mcform30_pouch_nmc_25c_0_100_1_1c_j.log.txt"
"zenodo_mich","mich_mcform31_pouch_nmc_45c_0_100_1_1c_a.log.parquet","mich_mcform31_pouch_nmc_45c_0_100_1_1c_a.log","0","0",,,,,,,"NA","C:\Users\szoke\Documents\BatteryDegradationAtlas\reports\discovery_run_zenodo_mich_20260203_093214\logs\mich_mcform31_pouch_nmc_45c_0_100_1_1c_a.log.txt"
"zenodo_mich","mich_mcform32_pouch_nmc_45c_0_100_1_1c_b.log.parquet","mich_mcform32_pouch_nmc_45c_0_100_1_1c_b.log","0","0",,,,,,,"NA","C:\Users\szoke\Documents\BatteryDegradationAtlas\reports\discovery_run_zenodo_mich_20260203_093214\logs\mich_mcform32_pouch_nmc_45c_0_100_1_1c_b.log.txt"
"zenodo_mich","mich_mcform33_pouch_nmc_45c_0_100_1_1c_c.log.parquet","mich_mcform33_pouch_nmc_45c_0_100_1_1c_c.log","0","0",,,,,,,"NA","C:\Users\szoke\Documents\BatteryDegradationAtlas\reports\discovery_run_zenodo_mich_20260203_093214\logs\mich_mcform33_pouch_nmc_45c_0_100_1_1c_c.log.txt"
"zenodo_mich","mich_mcform34_pouch_nmc_45c_0_100_1_1c_d.log.parquet","mich_mcform34_pouch_nmc_45c_0_100_1_1c_d.log","0","0",,,,,,,"NA","C:\Users\szoke\Documents\BatteryDegradationAtlas\reports\discovery_run_zenodo_mich_20260203_093214\logs\mich_mcform34_pouch_nmc_45c_0_100_1_1c_d.log.txt"
"zenodo_mich","mich_mcform35_pouch_nmc_45c_0_100_1_1c_e.log.parquet","mich_mcform35_pouch_nmc_45c_0_100_1_1c_e.log","0","0",,,,,,,"NA","C:\Users\szoke\Documents\BatteryDegradationAtlas\reports\discovery_run_zenodo_mich_20260203_093214\logs\mich_mcform35_pouch_nmc_45c_0_100_1_1c_e.log.txt"
"zenodo_mich","mich_mcform36_pouch_nmc_45c_0_100_1_1c_f.log.parquet","mich_mcform36_pouch_nmc_45c_0_100_1_1c_f.log","0","0",,,,,,,"NA","C:\Users\szoke\Documents\BatteryDegradationAtlas\reports\discovery_run_zenodo_mich_20260203_093214\logs\mich_mcform36_pouch_nmc_45c_0_100_1_1c_f.log.txt"
"zenodo_mich","mich_mcform37_pouch_nmc_45c_0_100_1_1c_g.log.parquet","mich_mcform37_pouch_nmc_45c_0_100_1_1c_g.log","0","0",,,,,,,"NA","C:\Users\szoke\Documents\BatteryDegradationAtlas\reports\discovery_run_zenodo_mich_20260203_093214\logs\mich_mcform37_pouch_nmc_45c_0_100_1_1c_g.log.txt"
"zenodo_mich","mich_mcform38_pouch_nmc_45c_0_100_1_1c_h.log.parquet","mich_mcform38_pouch_nmc_45c_0_100_1_1c_h.log","0","0",,,,,,,"NA","C:\Users\szoke\Documents\BatteryDegradationAtlas\reports\discovery_run_zenodo_mich_20260203_093214\logs\mich_mcform38_pouch_nmc_45c_0_100_1_1c_h.log.txt"
"zenodo_mich","mich_mcform39_pouch_nmc_45c_0_100_1_1c_i.log.parquet","mich_mcform39_pouch_nmc_45c_0_100_1_1c_i.log","0","0",,,,,,,"NA","C:\Users\szoke\Documents\BatteryDegradationAtlas\reports\discovery_run_zenodo_mich_20260203_093214\logs\mich_mcform39_pouch_nmc_45c_0_100_1_1c_i.log.txt"
"zenodo_mich","mich_mcform40_pouch_nmc_45c_0_100_1_1c_j.log.parquet","mich_mcform40_pouch_nmc_45c_0_100_1_1c_j.log","0","0",,,,,,,"NA","C:\Users\szoke\Documents\BatteryDegradationAtlas\reports\discovery_run_zenodo_mich_20260203_093214\logs\mich_mcform40_pouch_nmc_45c_0_100_1_1c_j.log.txt"
