"dataset","file","cell_id","exit_code","parse_ok","spearman_r_num","warning_cycle","lead_knee","lead_eol","knee_cycle","eol_cycle_v4","out_base","log_path"
"zenodo_zn_coin","zn_coin_2_432_1_20231227204455_01_1.log.parquet","zn_coin_2_432_1_20231227204455_01_1.log","0","0",,,,,,,"NA","C:\Users\szoke\Documents\BatteryDegradationAtlas\reports\discovery_run_zenodo_zn_coin_20260203_095625\logs\zn_coin_2_432_1_20231227204455_01_1.log.txt"
"zenodo_zn_coin","zn_coin_202_20231213213655_03_3.log.parquet","zn_coin_202_20231213213655_03_3.log","0","0",,,,,,,"NA","C:\Users\szoke\Documents\BatteryDegradationAtlas\reports\discovery_run_zenodo_zn_coin_20260203_095625\logs\zn_coin_202_20231213213655_03_3.log.txt"
"zenodo_zn_coin","zn_coin_202_20231213213655_03_4.log.parquet","zn_coin_202_20231213213655_03_4.log","0","0",,,,,,,"NA","C:\Users\szoke\Documents\BatteryDegradationAtlas\reports\discovery_run_zenodo_zn_coin_20260203_095625\logs\zn_coin_202_20231213213655_03_4.log.txt"
"zenodo_zn_coin","zn_coin_202_20231213213655_03_5.log.parquet","zn_coin_202_20231213213655_03_5.log","0","0",,,,,,,"NA","C:\Users\szoke\Documents\BatteryDegradationAtlas\reports\discovery_run_zenodo_zn_coin_20260203_095625\logs\zn_coin_202_20231213213655_03_5.log.txt"
"zenodo_zn_coin","zn_coin_204_1_20231205230212_07_1.log.parquet","zn_coin_204_1_20231205230212_07_1.log","0","0",,,,,,,"NA","C:\Users\szoke\Documents\BatteryDegradationAtlas\reports\discovery_run_zenodo_zn_coin_20260203_095625\logs\zn_coin_204_1_20231205230212_07_1.log.txt"
"zenodo_zn_coin","zn_coin_204_2_20231205230217_07_2.log.parquet","zn_coin_204_2_20231205230217_07_2.log","0","0",,,,,,,"NA","C:\Users\szoke\Documents\BatteryDegradationAtlas\reports\discovery_run_zenodo_zn_coin_20260203_095625\logs\zn_coin_204_2_20231205230217_07_2.log.txt"
"zenodo_zn_coin","zn_coin_204_3_20231205230221_07_3.log.parquet","zn_coin_204_3_20231205230221_07_3.log","0","0",,,,,,,"NA","C:\Users\szoke\Documents\BatteryDegradationAtlas\reports\discovery_run_zenodo_zn_coin_20260203_095625\logs\zn_coin_204_3_20231205230221_07_3.log.txt"
"zenodo_zn_coin","zn_coin_205_1_20231205230230_07_4.log.parquet","zn_coin_205_1_20231205230230_07_4.log","0","0",,,,,,,"NA","C:\Users\szoke\Documents\BatteryDegradationAtlas\reports\discovery_run_zenodo_zn_coin_20260203_095625\logs\zn_coin_205_1_20231205230230_07_4.log.txt"
"zenodo_zn_coin","zn_coin_205_2_20231205230234_07_5.log.parquet","zn_coin_205_2_20231205230234_07_5.log","0","0",,,,,,,"NA","C:\Users\szoke\Documents\BatteryDegradationAtlas\reports\discovery_run_zenodo_zn_coin_20260203_095625\logs\zn_coin_205_2_20231205230234_07_5.log.txt"
"zenodo_zn_coin","zn_coin_205_3_20231205230239_07_6.log.parquet","zn_coin_205_3_20231205230239_07_6.log","0","0",,,,,,,"NA","C:\Users\szoke\Documents\BatteryDegradationAtlas\reports\discovery_run_zenodo_zn_coin_20260203_095625\logs\zn_coin_205_3_20231205230239_07_6.log.txt"
"zenodo_zn_coin","zn_coin_209_1_20231205230248_07_7.log.parquet","zn_coin_209_1_20231205230248_07_7.log","0","0",,,,,,,"NA","C:\Users\szoke\Documents\BatteryDegradationAtlas\reports\discovery_run_zenodo_zn_coin_20260203_095625\logs\zn_coin_209_1_20231205230248_07_7.log.txt"
"zenodo_zn_coin","zn_coin_209_2_20231205230252_07_8.log.parquet","zn_coin_209_2_20231205230252_07_8.log","0","0",,,,,,,"NA","C:\Users\szoke\Documents\BatteryDegradationAtlas\reports\discovery_run_zenodo_zn_coin_20260203_095625\logs\zn_coin_209_2_20231205230252_07_8.log.txt"
"zenodo_zn_coin","zn_coin_402_1_20231209225636_01_1.log.parquet","zn_coin_402_1_20231209225636_01_1.log","0","0",,,,,,,"NA","C:\Users\szoke\Documents\BatteryDegradationAtlas\reports\discovery_run_zenodo_zn_coin_20260203_095625\logs\zn_coin_402_1_20231209225636_01_1.log.txt"
"zenodo_zn_coin","zn_coin_402_2_20231209225727_01_2.log.parquet","zn_coin_402_2_20231209225727_01_2.log","0","0",,,,,,,"NA","C:\Users\szoke\Documents\BatteryDegradationAtlas\reports\discovery_run_zenodo_zn_coin_20260203_095625\logs\zn_coin_402_2_20231209225727_01_2.log.txt"
"zenodo_zn_coin","zn_coin_402_3_20231209225844_01_3.log.parquet","zn_coin_402_3_20231209225844_01_3.log","0","0",,,,,,,"NA","C:\Users\szoke\Documents\BatteryDegradationAtlas\reports\discovery_run_zenodo_zn_coin_20260203_095625\logs\zn_coin_402_3_20231209225844_01_3.log.txt"
"zenodo_zn_coin","zn_coin_403_1_20231209225922_01_4.log.parquet","zn_coin_403_1_20231209225922_01_4.log","0","0",,,,,,,"NA","C:\Users\szoke\Documents\BatteryDegradationAtlas\reports\discovery_run_zenodo_zn_coin_20260203_095625\logs\zn_coin_403_1_20231209225922_01_4.log.txt"
"zenodo_zn_coin","zn_coin_404_3_20231209231250_08_1.log.parquet","zn_coin_404_3_20231209231250_08_1.log","0","0",,,,,,,"NA","C:\Users\szoke\Documents\BatteryDegradationAtlas\reports\discovery_run_zenodo_zn_coin_20260203_095625\logs\zn_coin_404_3_20231209231250_08_1.log.txt"
"zenodo_zn_coin","zn_coin_405_1_20231209231331_08_2.log.parquet","zn_coin_405_1_20231209231331_08_2.log","0","0",,,,,,,"NA","C:\Users\szoke\Documents\BatteryDegradationAtlas\reports\discovery_run_zenodo_zn_coin_20260203_095625\logs\zn_coin_405_1_20231209231331_08_2.log.txt"
"zenodo_zn_coin","zn_coin_405_2_20231209231413_08_3.log.parquet","zn_coin_405_2_20231209231413_08_3.log","0","0",,,,,,,"NA","C:\Users\szoke\Documents\BatteryDegradationAtlas\reports\discovery_run_zenodo_zn_coin_20260203_095625\logs\zn_coin_405_2_20231209231413_08_3.log.txt"
"zenodo_zn_coin","zn_coin_405_3_20231209231450_08_4.log.parquet","zn_coin_405_3_20231209231450_08_4.log","0","0",,,,,,,"NA","C:\Users\szoke\Documents\BatteryDegradationAtlas\reports\discovery_run_zenodo_zn_coin_20260203_095625\logs\zn_coin_405_3_20231209231450_08_4.log.txt"
"zenodo_zn_coin","zn_coin_406_1_20231209231531_08_5.log.parquet","zn_coin_406_1_20231209231531_08_5.log","0","0",,,,,,,"NA","C:\Users\szoke\Documents\BatteryDegradationAtlas\reports\discovery_run_zenodo_zn_coin_20260203_095625\logs\zn_coin_406_1_20231209231531_08_5.log.txt"
"zenodo_zn_coin","zn_coin_406_2_20231209231604_08_6.log.parquet","zn_coin_406_2_20231209231604_08_6.log","0","0",,,,,,,"NA","C:\Users\szoke\Documents\BatteryDegradationAtlas\reports\discovery_run_zenodo_zn_coin_20260203_095625\logs\zn_coin_406_2_20231209231604_08_6.log.txt"
"zenodo_zn_coin","zn_coin_406_3_20231209231637_08_7.log.parquet","zn_coin_406_3_20231209231637_08_7.log","0","0",,,,,,,"NA","C:\Users\szoke\Documents\BatteryDegradationAtlas\reports\discovery_run_zenodo_zn_coin_20260203_095625\logs\zn_coin_406_3_20231209231637_08_7.log.txt"
"zenodo_zn_coin","zn_coin_407_1_20231209231725_08_8.log.parquet","zn_coin_407_1_20231209231725_08_8.log","0","0",,,,,,,"NA","C:\Users\szoke\Documents\BatteryDegradationAtlas\reports\discovery_run_zenodo_zn_coin_20260203_095625\logs\zn_coin_407_1_20231209231725_08_8.log.txt"
"zenodo_zn_coin","zn_coin_407_3_20231209231841_02_2.log.parquet","zn_coin_407_3_20231209231841_02_2.log","0","0",,,,,,,"NA","C:\Users\szoke\Documents\BatteryDegradationAtlas\reports\discovery_run_zenodo_zn_coin_20260203_095625\logs\zn_coin_407_3_20231209231841_02_2.log.txt"
"zenodo_zn_coin","zn_coin_408_1_20231209231918_02_3.log.parquet","zn_coin_408_1_20231209231918_02_3.log","0","0",,,,,,,"NA","C:\Users\szoke\Documents\BatteryDegradationAtlas\reports\discovery_run_zenodo_zn_coin_20260203_095625\logs\zn_coin_408_1_20231209231918_02_3.log.txt"
"zenodo_zn_coin","zn_coin_408_2_20231209231947_02_4.log.parquet","zn_coin_408_2_20231209231947_02_4.log","0","0",,,,,,,"NA","C:\Users\szoke\Documents\BatteryDegradationAtlas\reports\discovery_run_zenodo_zn_coin_20260203_095625\logs\zn_coin_408_2_20231209231947_02_4.log.txt"
"zenodo_zn_coin","zn_coin_408_3_20231209232028_05_1.log.parquet","zn_coin_408_3_20231209232028_05_1.log","0","0",,,,,,,"NA","C:\Users\szoke\Documents\BatteryDegradationAtlas\reports\discovery_run_zenodo_zn_coin_20260203_095625\logs\zn_coin_408_3_20231209232028_05_1.log.txt"
"zenodo_zn_coin","zn_coin_409_1_20231209232338_05_2.log.parquet","zn_coin_409_1_20231209232338_05_2.log","0","0",,,,,,,"NA","C:\Users\szoke\Documents\BatteryDegradationAtlas\reports\discovery_run_zenodo_zn_coin_20260203_095625\logs\zn_coin_409_1_20231209232338_05_2.log.txt"
"zenodo_zn_coin","zn_coin_409_2_20231209232422_05_3.log.parquet","zn_coin_409_2_20231209232422_05_3.log","0","0",,,,,,,"NA","C:\Users\szoke\Documents\BatteryDegradationAtlas\reports\discovery_run_zenodo_zn_coin_20260203_095625\logs\zn_coin_409_2_20231209232422_05_3.log.txt"
"zenodo_zn_coin","zn_coin_409_3_20231209232500_05_4.log.parquet","zn_coin_409_3_20231209232500_05_4.log","0","0",,,,,,,"NA","C:\Users\szoke\Documents\BatteryDegradationAtlas\reports\discovery_run_zenodo_zn_coin_20260203_095625\logs\zn_coin_409_3_20231209232500_05_4.log.txt"
"zenodo_zn_coin","zn_coin_410_1_20231209232559_09_1.log.parquet","zn_coin_410_1_20231209232559_09_1.log","0","0",,,,,,,"NA","C:\Users\szoke\Documents\BatteryDegradationAtlas\reports\discovery_run_zenodo_zn_coin_20260203_095625\logs\zn_coin_410_1_20231209232559_09_1.log.txt"
"zenodo_zn_coin","zn_coin_410_2_20231209232626_09_2.log.parquet","zn_coin_410_2_20231209232626_09_2.log","0","0",,,,,,,"NA","C:\Users\szoke\Documents\BatteryDegradationAtlas\reports\discovery_run_zenodo_zn_coin_20260203_095625\logs\zn_coin_410_2_20231209232626_09_2.log.txt"
"zenodo_zn_coin","zn_coin_410_3_20231209232707_09_3.log.parquet","zn_coin_410_3_20231209232707_09_3.log","0","0",,,,,,,"NA","C:\Users\szoke\Documents\BatteryDegradationAtlas\reports\discovery_run_zenodo_zn_coin_20260203_095625\logs\zn_coin_410_3_20231209232707_09_3.log.txt"
"zenodo_zn_coin","zn_coin_411_1_20231209232756_09_4.log.parquet","zn_coin_411_1_20231209232756_09_4.log","0","0",,,,,,,"NA","C:\Users\szoke\Documents\BatteryDegradationAtlas\reports\discovery_run_zenodo_zn_coin_20260203_095625\logs\zn_coin_411_1_20231209232756_09_4.log.txt"
"zenodo_zn_coin","zn_coin_411_2_20231209232834_09_5.log.parquet","zn_coin_411_2_20231209232834_09_5.log","0","0",,,,,,,"NA","C:\Users\szoke\Documents\BatteryDegradationAtlas\reports\discovery_run_zenodo_zn_coin_20260203_095625\logs\zn_coin_411_2_20231209232834_09_5.log.txt"
"zenodo_zn_coin","zn_coin_412_1_20231209232958_09_7.log.parquet","zn_coin_412_1_20231209232958_09_7.log","0","0",,,,,,,"NA","C:\Users\szoke\Documents\BatteryDegradationAtlas\reports\discovery_run_zenodo_zn_coin_20260203_095625\logs\zn_coin_412_1_20231209232958_09_7.log.txt"
"zenodo_zn_coin","zn_coin_412_2_20231209233028_09_8.log.parquet","zn_coin_412_2_20231209233028_09_8.log","0","0",,,,,,,"NA","C:\Users\szoke\Documents\BatteryDegradationAtlas\reports\discovery_run_zenodo_zn_coin_20260203_095625\logs\zn_coin_412_2_20231209233028_09_8.log.txt"
"zenodo_zn_coin","zn_coin_412_3_20231209233120_06_1.log.parquet","zn_coin_412_3_20231209233120_06_1.log","0","0",,,,,,,"NA","C:\Users\szoke\Documents\BatteryDegradationAtlas\reports\discovery_run_zenodo_zn_coin_20260203_095625\logs\zn_coin_412_3_20231209233120_06_1.log.txt"
"zenodo_zn_coin","zn_coin_413_1_20231209233202_06_2.log.parquet","zn_coin_413_1_20231209233202_06_2.log","0","0",,,,,,,"NA","C:\Users\szoke\Documents\BatteryDegradationAtlas\reports\discovery_run_zenodo_zn_coin_20260203_095625\logs\zn_coin_413_1_20231209233202_06_2.log.txt"
"zenodo_zn_coin","zn_coin_414_2_20231209233354_06_6.log.parquet","zn_coin_414_2_20231209233354_06_6.log","0","0",,,,,,,"NA","C:\Users\szoke\Documents\BatteryDegradationAtlas\reports\discovery_run_zenodo_zn_coin_20260203_095625\logs\zn_coin_414_2_20231209233354_06_6.log.txt"
"zenodo_zn_coin","zn_coin_414_3_20231209233430_06_7.log.parquet","zn_coin_414_3_20231209233430_06_7.log","0","0",,,,,,,"NA","C:\Users\szoke\Documents\BatteryDegradationAtlas\reports\discovery_run_zenodo_zn_coin_20260203_095625\logs\zn_coin_414_3_20231209233430_06_7.log.txt"
"zenodo_zn_coin","zn_coin_415_1_20231209233508_06_8.log.parquet","zn_coin_415_1_20231209233508_06_8.log","0","0",,,,,,,"NA","C:\Users\szoke\Documents\BatteryDegradationAtlas\reports\discovery_run_zenodo_zn_coin_20260203_095625\logs\zn_coin_415_1_20231209233508_06_8.log.txt"
"zenodo_zn_coin","zn_coin_415_2_20231209233606_10_1.log.parquet","zn_coin_415_2_20231209233606_10_1.log","0","0",,,,,,,"NA","C:\Users\szoke\Documents\BatteryDegradationAtlas\reports\discovery_run_zenodo_zn_coin_20260203_095625\logs\zn_coin_415_2_20231209233606_10_1.log.txt"
"zenodo_zn_coin","zn_coin_415_3_20231209233637_10_2.log.parquet","zn_coin_415_3_20231209233637_10_2.log","0","0",,,,,,,"NA","C:\Users\szoke\Documents\BatteryDegradationAtlas\reports\discovery_run_zenodo_zn_coin_20260203_095625\logs\zn_coin_415_3_20231209233637_10_2.log.txt"
"zenodo_zn_coin","zn_coin_416_2_20231209233822_10_4.log.parquet","zn_coin_416_2_20231209233822_10_4.log","0","0",,,,,,,"NA","C:\Users\szoke\Documents\BatteryDegradationAtlas\reports\discovery_run_zenodo_zn_coin_20260203_095625\logs\zn_coin_416_2_20231209233822_10_4.log.txt"
"zenodo_zn_coin","zn_coin_416_3_20231209233856_10_5.log.parquet","zn_coin_416_3_20231209233856_10_5.log","0","0",,,,,,,"NA","C:\Users\szoke\Documents\BatteryDegradationAtlas\reports\discovery_run_zenodo_zn_coin_20260203_095625\logs\zn_coin_416_3_20231209233856_10_5.log.txt"
"zenodo_zn_coin","zn_coin_417_3_20231209234058_10_8.log.parquet","zn_coin_417_3_20231209234058_10_8.log","0","0",,,,,,,"NA","C:\Users\szoke\Documents\BatteryDegradationAtlas\reports\discovery_run_zenodo_zn_coin_20260203_095625\logs\zn_coin_417_3_20231209234058_10_8.log.txt"
"zenodo_zn_coin","zn_coin_418_1_20231209234141_11_1.log.parquet","zn_coin_418_1_20231209234141_11_1.log","0","0",,,,,,,"NA","C:\Users\szoke\Documents\BatteryDegradationAtlas\reports\discovery_run_zenodo_zn_coin_20260203_095625\logs\zn_coin_418_1_20231209234141_11_1.log.txt"
"zenodo_zn_coin","zn_coin_418_2_20231209234209_11_2.log.parquet","zn_coin_418_2_20231209234209_11_2.log","0","0",,,,,,,"NA","C:\Users\szoke\Documents\BatteryDegradationAtlas\reports\discovery_run_zenodo_zn_coin_20260203_095625\logs\zn_coin_418_2_20231209234209_11_2.log.txt"
"zenodo_zn_coin","zn_coin_418_3_20231209234252_11_3.log.parquet","zn_coin_418_3_20231209234252_11_3.log","0","0",,,,,,,"NA","C:\Users\szoke\Documents\BatteryDegradationAtlas\reports\discovery_run_zenodo_zn_coin_20260203_095625\logs\zn_coin_418_3_20231209234252_11_3.log.txt"
"zenodo_zn_coin","zn_coin_419_1_20231209234331_11_4.log.parquet","zn_coin_419_1_20231209234331_11_4.log","0","0",,,,,,,"NA","C:\Users\szoke\Documents\BatteryDegradationAtlas\reports\discovery_run_zenodo_zn_coin_20260203_095625\logs\zn_coin_419_1_20231209234331_11_4.log.txt"
"zenodo_zn_coin","zn_coin_419_2_20231209234357_11_5.log.parquet","zn_coin_419_2_20231209234357_11_5.log","0","0",,,,,,,"NA","C:\Users\szoke\Documents\BatteryDegradationAtlas\reports\discovery_run_zenodo_zn_coin_20260203_095625\logs\zn_coin_419_2_20231209234357_11_5.log.txt"
"zenodo_zn_coin","zn_coin_419_3_20231209234510_11_6.log.parquet","zn_coin_419_3_20231209234510_11_6.log","0","0",,,,,,,"NA","C:\Users\szoke\Documents\BatteryDegradationAtlas\reports\discovery_run_zenodo_zn_coin_20260203_095625\logs\zn_coin_419_3_20231209234510_11_6.log.txt"
"zenodo_zn_coin","zn_coin_420_1_20231205230010_01_1.log.parquet","zn_coin_420_1_20231205230010_01_1.log","0","0",,,,,,,"NA","C:\Users\szoke\Documents\BatteryDegradationAtlas\reports\discovery_run_zenodo_zn_coin_20260203_095625\logs\zn_coin_420_1_20231205230010_01_1.log.txt"
"zenodo_zn_coin","zn_coin_420_2_20231205230013_01_2.log.parquet","zn_coin_420_2_20231205230013_01_2.log","0","0",,,,,,,"NA","C:\Users\szoke\Documents\BatteryDegradationAtlas\reports\discovery_run_zenodo_zn_coin_20260203_095625\logs\zn_coin_420_2_20231205230013_01_2.log.txt"
"zenodo_zn_coin","zn_coin_420_3_20231205230017_01_3.log.parquet","zn_coin_420_3_20231205230017_01_3.log","0","0",,,,,,,"NA","C:\Users\szoke\Documents\BatteryDegradationAtlas\reports\discovery_run_zenodo_zn_coin_20260203_095625\logs\zn_coin_420_3_20231205230017_01_3.log.txt"
"zenodo_zn_coin","zn_coin_421_1_20231205230023_01_4.log.parquet","zn_coin_421_1_20231205230023_01_4.log","0","0",,,,,,,"NA","C:\Users\szoke\Documents\BatteryDegradationAtlas\reports\discovery_run_zenodo_zn_coin_20260203_095625\logs\zn_coin_421_1_20231205230023_01_4.log.txt"
"zenodo_zn_coin","zn_coin_421_3_20231205230030_01_6.log.parquet","zn_coin_421_3_20231205230030_01_6.log","0","0",,,,,,,"NA","C:\Users\szoke\Documents\BatteryDegradationAtlas\reports\discovery_run_zenodo_zn_coin_20260203_095625\logs\zn_coin_421_3_20231205230030_01_6.log.txt"
"zenodo_zn_coin","zn_coin_422_1_20231205230039_01_7.log.parquet","zn_coin_422_1_20231205230039_01_7.log","0","0",,,,,,,"NA","C:\Users\szoke\Documents\BatteryDegradationAtlas\reports\discovery_run_zenodo_zn_coin_20260203_095625\logs\zn_coin_422_1_20231205230039_01_7.log.txt"
"zenodo_zn_coin","zn_coin_422_2_20231205230043_01_8.log.parquet","zn_coin_422_2_20231205230043_01_8.log","0","0",,,,,,,"NA","C:\Users\szoke\Documents\BatteryDegradationAtlas\reports\discovery_run_zenodo_zn_coin_20260203_095625\logs\zn_coin_422_2_20231205230043_01_8.log.txt"
"zenodo_zn_coin","zn_coin_422_3_20231205230049_02_1.log.parquet","zn_coin_422_3_20231205230049_02_1.log","0","0",,,,,,,"NA","C:\Users\szoke\Documents\BatteryDegradationAtlas\reports\discovery_run_zenodo_zn_coin_20260203_095625\logs\zn_coin_422_3_20231205230049_02_1.log.txt"
"zenodo_zn_coin","zn_coin_423_1_20231205230055_02_2.log.parquet","zn_coin_423_1_20231205230055_02_2.log","0","0",,,,,,,"NA","C:\Users\szoke\Documents\BatteryDegradationAtlas\reports\discovery_run_zenodo_zn_coin_20260203_095625\logs\zn_coin_423_1_20231205230055_02_2.log.txt"
"zenodo_zn_coin","zn_coin_423_2_20231205230059_02_3.log.parquet","zn_coin_423_2_20231205230059_02_3.log","0","0",,,,,,,"NA","C:\Users\szoke\Documents\BatteryDegradationAtlas\reports\discovery_run_zenodo_zn_coin_20260203_095625\logs\zn_coin_423_2_20231205230059_02_3.log.txt"
"zenodo_zn_coin","zn_coin_423_3_20231205230102_02_4.log.parquet","zn_coin_423_3_20231205230102_02_4.log","0","0",,,,,,,"NA","C:\Users\szoke\Documents\BatteryDegradationAtlas\reports\discovery_run_zenodo_zn_coin_20260203_095625\logs\zn_coin_423_3_20231205230102_02_4.log.txt"
"zenodo_zn_coin","zn_coin_424_1_20231205230107_02_5.log.parquet","zn_coin_424_1_20231205230107_02_5.log","0","0",,,,,,,"NA","C:\Users\szoke\Documents\BatteryDegradationAtlas\reports\discovery_run_zenodo_zn_coin_20260203_095625\logs\zn_coin_424_1_20231205230107_02_5.log.txt"
"zenodo_zn_coin","zn_coin_424_3_20231205230114_02_7.log.parquet","zn_coin_424_3_20231205230114_02_7.log","0","0",,,,,,,"NA","C:\Users\szoke\Documents\BatteryDegradationAtlas\reports\discovery_run_zenodo_zn_coin_20260203_095625\logs\zn_coin_424_3_20231205230114_02_7.log.txt"
"zenodo_zn_coin","zn_coin_425_1_20231205230120_02_8.log.parquet","zn_coin_425_1_20231205230120_02_8.log","0","0",,,,,,,"NA","C:\Users\szoke\Documents\BatteryDegradationAtlas\reports\discovery_run_zenodo_zn_coin_20260203_095625\logs\zn_coin_425_1_20231205230120_02_8.log.txt"
"zenodo_zn_coin","zn_coin_425_2_20231205230124_03_1.log.parquet","zn_coin_425_2_20231205230124_03_1.log","0","0",,,,,,,"NA","C:\Users\szoke\Documents\BatteryDegradationAtlas\reports\discovery_run_zenodo_zn_coin_20260203_095625\logs\zn_coin_425_2_20231205230124_03_1.log.txt"
"zenodo_zn_coin","zn_coin_426_1_20231205230136_03_3.log.parquet","zn_coin_426_1_20231205230136_03_3.log","0","0",,,,,,,"NA","C:\Users\szoke\Documents\BatteryDegradationAtlas\reports\discovery_run_zenodo_zn_coin_20260203_095625\logs\zn_coin_426_1_20231205230136_03_3.log.txt"
"zenodo_zn_coin","zn_coin_426_2_20231205230139_03_4.log.parquet","zn_coin_426_2_20231205230139_03_4.log","0","0",,,,,,,"NA","C:\Users\szoke\Documents\BatteryDegradationAtlas\reports\discovery_run_zenodo_zn_coin_20260203_095625\logs\zn_coin_426_2_20231205230139_03_4.log.txt"
"zenodo_zn_coin","zn_coin_426_3_20231205230143_03_5.log.parquet","zn_coin_426_3_20231205230143_03_5.log","0","0",,,,,,,"NA","C:\Users\szoke\Documents\BatteryDegradationAtlas\reports\discovery_run_zenodo_zn_coin_20260203_095625\logs\zn_coin_426_3_20231205230143_03_5.log.txt"
"zenodo_zn_coin","zn_coin_427_1_20231205230153_03_7.log.parquet","zn_coin_427_1_20231205230153_03_7.log","0","0",,,,,,,"NA","C:\Users\szoke\Documents\BatteryDegradationAtlas\reports\discovery_run_zenodo_zn_coin_20260203_095625\logs\zn_coin_427_1_20231205230153_03_7.log.txt"
"zenodo_zn_coin","zn_coin_428_1_20231212185048_01_2.log.parquet","zn_coin_428_1_20231212185048_01_2.log","0","0",,,,,,,"NA","C:\Users\szoke\Documents\BatteryDegradationAtlas\reports\discovery_run_zenodo_zn_coin_20260203_095625\logs\zn_coin_428_1_20231212185048_01_2.log.txt"
"zenodo_zn_coin","zn_coin_428_2_20231212185058_01_4.log.parquet","zn_coin_428_2_20231212185058_01_4.log","0","0",,,,,,,"NA","C:\Users\szoke\Documents\BatteryDegradationAtlas\reports\discovery_run_zenodo_zn_coin_20260203_095625\logs\zn_coin_428_2_20231212185058_01_4.log.txt"
"zenodo_zn_coin","zn_coin_429_1_20231212185129_01_5.log.parquet","zn_coin_429_1_20231212185129_01_5.log","0","0",,,,,,,"NA","C:\Users\szoke\Documents\BatteryDegradationAtlas\reports\discovery_run_zenodo_zn_coin_20260203_095625\logs\zn_coin_429_1_20231212185129_01_5.log.txt"
"zenodo_zn_coin","zn_coin_429_2_20231212185157_01_8.log.parquet","zn_coin_429_2_20231212185157_01_8.log","0","0",,,,,,,"NA","C:\Users\szoke\Documents\BatteryDegradationAtlas\reports\discovery_run_zenodo_zn_coin_20260203_095625\logs\zn_coin_429_2_20231212185157_01_8.log.txt"
"zenodo_zn_coin","zn_coin_430_1_20231212185250_02_6.log.parquet","zn_coin_430_1_20231212185250_02_6.log","0","0",,,,,,,"NA","C:\Users\szoke\Documents\BatteryDegradationAtlas\reports\discovery_run_zenodo_zn_coin_20260203_095625\logs\zn_coin_430_1_20231212185250_02_6.log.txt"
"zenodo_zn_coin","zn_coin_430_2_20231212185305_02_7.log.parquet","zn_coin_430_2_20231212185305_02_7.log","0","0",,,,,,,"NA","C:\Users\szoke\Documents\BatteryDegradationAtlas\reports\discovery_run_zenodo_zn_coin_20260203_095625\logs\zn_coin_430_2_20231212185305_02_7.log.txt"
"zenodo_zn_coin","zn_coin_430_3_20231212185323_03_2.log.parquet","zn_coin_430_3_20231212185323_03_2.log","0","0",,,,,,,"NA","C:\Users\szoke\Documents\BatteryDegradationAtlas\reports\discovery_run_zenodo_zn_coin_20260203_095625\logs\zn_coin_430_3_20231212185323_03_2.log.txt"
"zenodo_zn_coin","zn_coin_432_2_20231227204437_01_2.log.parquet","zn_coin_432_2_20231227204437_01_2.log","0","0",,,,,,,"NA","C:\Users\szoke\Documents\BatteryDegradationAtlas\reports\discovery_run_zenodo_zn_coin_20260203_095625\logs\zn_coin_432_2_20231227204437_01_2.log.txt"
"zenodo_zn_coin","zn_coin_432_3_20231227204518_01_3.log.parquet","zn_coin_432_3_20231227204518_01_3.log","0","0",,,,,,,"NA","C:\Users\szoke\Documents\BatteryDegradationAtlas\reports\discovery_run_zenodo_zn_coin_20260203_095625\logs\zn_coin_432_3_20231227204518_01_3.log.txt"
"zenodo_zn_coin","zn_coin_433_1_20231227204534_01_4.log.parquet","zn_coin_433_1_20231227204534_01_4.log","0","0",,,,,,,"NA","C:\Users\szoke\Documents\BatteryDegradationAtlas\reports\discovery_run_zenodo_zn_coin_20260203_095625\logs\zn_coin_433_1_20231227204534_01_4.log.txt"
"zenodo_zn_coin","zn_coin_433_2_20231227204539_01_5.log.parquet","zn_coin_433_2_20231227204539_01_5.log","0","0",,,,,,,"NA","C:\Users\szoke\Documents\BatteryDegradationAtlas\reports\discovery_run_zenodo_zn_coin_20260203_095625\logs\zn_coin_433_2_20231227204539_01_5.log.txt"
"zenodo_zn_coin","zn_coin_433_3_20231227204544_01_6.log.parquet","zn_coin_433_3_20231227204544_01_6.log","0","0",,,,,,,"NA","C:\Users\szoke\Documents\BatteryDegradationAtlas\reports\discovery_run_zenodo_zn_coin_20260203_095625\logs\zn_coin_433_3_20231227204544_01_6.log.txt"
"zenodo_zn_coin","zn_coin_434_1_20231227204606_01_7.log.parquet","zn_coin_434_1_20231227204606_01_7.log","0","0",,,,,,,"NA","C:\Users\szoke\Documents\BatteryDegradationAtlas\reports\discovery_run_zenodo_zn_coin_20260203_095625\logs\zn_coin_434_1_20231227204606_01_7.log.txt"
"zenodo_zn_coin","zn_coin_434_2_20231227204612_01_8.log.parquet","zn_coin_434_2_20231227204612_01_8.log","0","0",,,,,,,"NA","C:\Users\szoke\Documents\BatteryDegradationAtlas\reports\discovery_run_zenodo_zn_coin_20260203_095625\logs\zn_coin_434_2_20231227204612_01_8.log.txt"
"zenodo_zn_coin","zn_coin_434_3_20231227204618_03_1.log.parquet","zn_coin_434_3_20231227204618_03_1.log","0","0",,,,,,,"NA","C:\Users\szoke\Documents\BatteryDegradationAtlas\reports\discovery_run_zenodo_zn_coin_20260203_095625\logs\zn_coin_434_3_20231227204618_03_1.log.txt"
"zenodo_zn_coin","zn_coin_435_1_20231227204625_03_2.log.parquet","zn_coin_435_1_20231227204625_03_2.log","0","0",,,,,,,"NA","C:\Users\szoke\Documents\BatteryDegradationAtlas\reports\discovery_run_zenodo_zn_coin_20260203_095625\logs\zn_coin_435_1_20231227204625_03_2.log.txt"
"zenodo_zn_coin","zn_coin_435_2_20231227204630_03_3.log.parquet","zn_coin_435_2_20231227204630_03_3.log","0","0",,,,,,,"NA","C:\Users\szoke\Documents\BatteryDegradationAtlas\reports\discovery_run_zenodo_zn_coin_20260203_095625\logs\zn_coin_435_2_20231227204630_03_3.log.txt"
"zenodo_zn_coin","zn_coin_435_3_20231227204635_03_4.log.parquet","zn_coin_435_3_20231227204635_03_4.log","0","0",,,,,,,"NA","C:\Users\szoke\Documents\BatteryDegradationAtlas\reports\discovery_run_zenodo_zn_coin_20260203_095625\logs\zn_coin_435_3_20231227204635_03_4.log.txt"
"zenodo_zn_coin","zn_coin_436_1_20231227204646_03_5.log.parquet","zn_coin_436_1_20231227204646_03_5.log","0","0",,,,,,,"NA","C:\Users\szoke\Documents\BatteryDegradationAtlas\reports\discovery_run_zenodo_zn_coin_20260203_095625\logs\zn_coin_436_1_20231227204646_03_5.log.txt"
"zenodo_zn_coin","zn_coin_436_2_20231227204653_03_6.log.parquet","zn_coin_436_2_20231227204653_03_6.log","0","0",,,,,,,"NA","C:\Users\szoke\Documents\BatteryDegradationAtlas\reports\discovery_run_zenodo_zn_coin_20260203_095625\logs\zn_coin_436_2_20231227204653_03_6.log.txt"
"zenodo_zn_coin","zn_coin_436_3_20231227204657_03_7.log.parquet","zn_coin_436_3_20231227204657_03_7.log","0","0",,,,,,,"NA","C:\Users\szoke\Documents\BatteryDegradationAtlas\reports\discovery_run_zenodo_zn_coin_20260203_095625\logs\zn_coin_436_3_20231227204657_03_7.log.txt"
"zenodo_zn_coin","zn_coin_437_1_20231227204706_03_8.log.parquet","zn_coin_437_1_20231227204706_03_8.log","0","0",,,,,,,"NA","C:\Users\szoke\Documents\BatteryDegradationAtlas\reports\discovery_run_zenodo_zn_coin_20260203_095625\logs\zn_coin_437_1_20231227204706_03_8.log.txt"
"zenodo_zn_coin","zn_coin_437_2_20231227204712_04_1.log.parquet","zn_coin_437_2_20231227204712_04_1.log","0","0",,,,,,,"NA","C:\Users\szoke\Documents\BatteryDegradationAtlas\reports\discovery_run_zenodo_zn_coin_20260203_095625\logs\zn_coin_437_2_20231227204712_04_1.log.txt"
"zenodo_zn_coin","zn_coin_437_3_20231227204717_04_2.log.parquet","zn_coin_437_3_20231227204717_04_2.log","0","0",,,,,,,"NA","C:\Users\szoke\Documents\BatteryDegradationAtlas\reports\discovery_run_zenodo_zn_coin_20260203_095625\logs\zn_coin_437_3_20231227204717_04_2.log.txt"
"zenodo_zn_coin","zn_coin_438_1_20231227204743_04_3.log.parquet","zn_coin_438_1_20231227204743_04_3.log","0","0",,,,,,,"NA","C:\Users\szoke\Documents\BatteryDegradationAtlas\reports\discovery_run_zenodo_zn_coin_20260203_095625\logs\zn_coin_438_1_20231227204743_04_3.log.txt"
"zenodo_zn_coin","zn_coin_438_2_20231227204748_04_4.log.parquet","zn_coin_438_2_20231227204748_04_4.log","0","0",,,,,,,"NA","C:\Users\szoke\Documents\BatteryDegradationAtlas\reports\discovery_run_zenodo_zn_coin_20260203_095625\logs\zn_coin_438_2_20231227204748_04_4.log.txt"
"zenodo_zn_coin","zn_coin_438_3_20231227204754_04_5.log.parquet","zn_coin_438_3_20231227204754_04_5.log","0","0",,,,,,,"NA","C:\Users\szoke\Documents\BatteryDegradationAtlas\reports\discovery_run_zenodo_zn_coin_20260203_095625\logs\zn_coin_438_3_20231227204754_04_5.log.txt"
"zenodo_zn_coin","zn_coin_439_1_20231227204804_04_6.log.parquet","zn_coin_439_1_20231227204804_04_6.log","0","0",,,,,,,"NA","C:\Users\szoke\Documents\BatteryDegradationAtlas\reports\discovery_run_zenodo_zn_coin_20260203_095625\logs\zn_coin_439_1_20231227204804_04_6.log.txt"
"zenodo_zn_coin","zn_coin_439_2_20231227204810_04_7.log.parquet","zn_coin_439_2_20231227204810_04_7.log","0","0",,,,,,,"NA","C:\Users\szoke\Documents\BatteryDegradationAtlas\reports\discovery_run_zenodo_zn_coin_20260203_095625\logs\zn_coin_439_2_20231227204810_04_7.log.txt"
"zenodo_zn_coin","zn_coin_439_3_20231227204817_04_8.log.parquet","zn_coin_439_3_20231227204817_04_8.log","0","0",,,,,,,"NA","C:\Users\szoke\Documents\BatteryDegradationAtlas\reports\discovery_run_zenodo_zn_coin_20260203_095625\logs\zn_coin_439_3_20231227204817_04_8.log.txt"
"zenodo_zn_coin","zn_coin_440_1_20231227204827_08_1.log.parquet","zn_coin_440_1_20231227204827_08_1.log","0","0",,,,,,,"NA","C:\Users\szoke\Documents\BatteryDegradationAtlas\reports\discovery_run_zenodo_zn_coin_20260203_095625\logs\zn_coin_440_1_20231227204827_08_1.log.txt"
"zenodo_zn_coin","zn_coin_440_2_20231227204832_08_2.log.parquet","zn_coin_440_2_20231227204832_08_2.log","0","0",,,,,,,"NA","C:\Users\szoke\Documents\BatteryDegradationAtlas\reports\discovery_run_zenodo_zn_coin_20260203_095625\logs\zn_coin_440_2_20231227204832_08_2.log.txt"
"zenodo_zn_coin","zn_coin_440_3_20231227204837_08_3.log.parquet","zn_coin_440_3_20231227204837_08_3.log","0","0",,,,,,,"NA","C:\Users\szoke\Documents\BatteryDegradationAtlas\reports\discovery_run_zenodo_zn_coin_20260203_095625\logs\zn_coin_440_3_20231227204837_08_3.log.txt"
"zenodo_zn_coin","zn_coin_441_1_20231227204855_08_4.log.parquet","zn_coin_441_1_20231227204855_08_4.log","0","0",,,,,,,"NA","C:\Users\szoke\Documents\BatteryDegradationAtlas\reports\discovery_run_zenodo_zn_coin_20260203_095625\logs\zn_coin_441_1_20231227204855_08_4.log.txt"
"zenodo_zn_coin","zn_coin_441_2_20231227204859_08_5.log.parquet","zn_coin_441_2_20231227204859_08_5.log","0","0",,,,,,,"NA","C:\Users\szoke\Documents\BatteryDegradationAtlas\reports\discovery_run_zenodo_zn_coin_20260203_095625\logs\zn_coin_441_2_20231227204859_08_5.log.txt"
"zenodo_zn_coin","zn_coin_441_3_20231227204904_08_6.log.parquet","zn_coin_441_3_20231227204904_08_6.log","0","0",,,,,,,"NA","C:\Users\szoke\Documents\BatteryDegradationAtlas\reports\discovery_run_zenodo_zn_coin_20260203_095625\logs\zn_coin_441_3_20231227204904_08_6.log.txt"
"zenodo_zn_coin","zn_coin_442_1_20240104212418_09_1.log.parquet","zn_coin_442_1_20240104212418_09_1.log","0","0",,,,,,,"NA","C:\Users\szoke\Documents\BatteryDegradationAtlas\reports\discovery_run_zenodo_zn_coin_20260203_095625\logs\zn_coin_442_1_20240104212418_09_1.log.txt"
"zenodo_zn_coin","zn_coin_442_2_20240104212424_09_2.log.parquet","zn_coin_442_2_20240104212424_09_2.log","0","0",,,,,,,"NA","C:\Users\szoke\Documents\BatteryDegradationAtlas\reports\discovery_run_zenodo_zn_coin_20260203_095625\logs\zn_coin_442_2_20240104212424_09_2.log.txt"
"zenodo_zn_coin","zn_coin_442_3_20240104212433_09_3.log.parquet","zn_coin_442_3_20240104212433_09_3.log","0","0",,,,,,,"NA","C:\Users\szoke\Documents\BatteryDegradationAtlas\reports\discovery_run_zenodo_zn_coin_20260203_095625\logs\zn_coin_442_3_20240104212433_09_3.log.txt"
"zenodo_zn_coin","zn_coin_443_2_20240104212500_09_5.log.parquet","zn_coin_443_2_20240104212500_09_5.log","0","0",,,,,,,"NA","C:\Users\szoke\Documents\BatteryDegradationAtlas\reports\discovery_run_zenodo_zn_coin_20260203_095625\logs\zn_coin_443_2_20240104212500_09_5.log.txt"
"zenodo_zn_coin","zn_coin_443_3_20240104212506_09_6.log.parquet","zn_coin_443_3_20240104212506_09_6.log","0","0",,,,,,,"NA","C:\Users\szoke\Documents\BatteryDegradationAtlas\reports\discovery_run_zenodo_zn_coin_20260203_095625\logs\zn_coin_443_3_20240104212506_09_6.log.txt"
"zenodo_zn_coin","zn_coin_445_1_20240104212517_09_7.log.parquet","zn_coin_445_1_20240104212517_09_7.log","0","0",,,,,,,"NA","C:\Users\szoke\Documents\BatteryDegradationAtlas\reports\discovery_run_zenodo_zn_coin_20260203_095625\logs\zn_coin_445_1_20240104212517_09_7.log.txt"
"zenodo_zn_coin","zn_coin_445_2_20240104212521_09_8.log.parquet","zn_coin_445_2_20240104212521_09_8.log","0","0",,,,,,,"NA","C:\Users\szoke\Documents\BatteryDegradationAtlas\reports\discovery_run_zenodo_zn_coin_20260203_095625\logs\zn_coin_445_2_20240104212521_09_8.log.txt"
"zenodo_zn_coin","zn_coin_445_3_20240104212530_07_1.log.parquet","zn_coin_445_3_20240104212530_07_1.log","0","0",,,,,,,"NA","C:\Users\szoke\Documents\BatteryDegradationAtlas\reports\discovery_run_zenodo_zn_coin_20260203_095625\logs\zn_coin_445_3_20240104212530_07_1.log.txt"
"zenodo_zn_coin","zn_coin_446_1_20240104212538_07_2.log.parquet","zn_coin_446_1_20240104212538_07_2.log","0","0",,,,,,,"NA","C:\Users\szoke\Documents\BatteryDegradationAtlas\reports\discovery_run_zenodo_zn_coin_20260203_095625\logs\zn_coin_446_1_20240104212538_07_2.log.txt"
"zenodo_zn_coin","zn_coin_446_3_20240104212550_07_4.log.parquet","zn_coin_446_3_20240104212550_07_4.log","0","0",,,,,,,"NA","C:\Users\szoke\Documents\BatteryDegradationAtlas\reports\discovery_run_zenodo_zn_coin_20260203_095625\logs\zn_coin_446_3_20240104212550_07_4.log.txt"
"zenodo_zn_coin","zn_coin_447_1_20240104212621_07_5.log.parquet","zn_coin_447_1_20240104212621_07_5.log","0","0",,,,,,,"NA","C:\Users\szoke\Documents\BatteryDegradationAtlas\reports\discovery_run_zenodo_zn_coin_20260203_095625\logs\zn_coin_447_1_20240104212621_07_5.log.txt"
"zenodo_zn_coin","zn_coin_447_2_20240104212627_07_6.log.parquet","zn_coin_447_2_20240104212627_07_6.log","0","0",,,,,,,"NA","C:\Users\szoke\Documents\BatteryDegradationAtlas\reports\discovery_run_zenodo_zn_coin_20260203_095625\logs\zn_coin_447_2_20240104212627_07_6.log.txt"
"zenodo_zn_coin","zn_coin_447_3_20240104212631_07_7.log.parquet","zn_coin_447_3_20240104212631_07_7.log","0","0",,,,,,,"NA","C:\Users\szoke\Documents\BatteryDegradationAtlas\reports\discovery_run_zenodo_zn_coin_20260203_095625\logs\zn_coin_447_3_20240104212631_07_7.log.txt"
"zenodo_zn_coin","zn_coin_448_1_20240104212639_07_8.log.parquet","zn_coin_448_1_20240104212639_07_8.log","0","0",,,,,,,"NA","C:\Users\szoke\Documents\BatteryDegradationAtlas\reports\discovery_run_zenodo_zn_coin_20260203_095625\logs\zn_coin_448_1_20240104212639_07_8.log.txt"
"zenodo_zn_coin","zn_coin_448_2_20240104212646_06_1.log.parquet","zn_coin_448_2_20240104212646_06_1.log","0","0",,,,,,,"NA","C:\Users\szoke\Documents\BatteryDegradationAtlas\reports\discovery_run_zenodo_zn_coin_20260203_095625\logs\zn_coin_448_2_20240104212646_06_1.log.txt"
"zenodo_zn_coin","zn_coin_448_3_20240104212651_06_2.log.parquet","zn_coin_448_3_20240104212651_06_2.log","0","0",,,,,,,"NA","C:\Users\szoke\Documents\BatteryDegradationAtlas\reports\discovery_run_zenodo_zn_coin_20260203_095625\logs\zn_coin_448_3_20240104212651_06_2.log.txt"
"zenodo_zn_coin","zn_coin_449_1_20240104212736_06_3.log.parquet","zn_coin_449_1_20240104212736_06_3.log","0","0",,,,,,,"NA","C:\Users\szoke\Documents\BatteryDegradationAtlas\reports\discovery_run_zenodo_zn_coin_20260203_095625\logs\zn_coin_449_1_20240104212736_06_3.log.txt"
"zenodo_zn_coin","zn_coin_449_2_20240104212745_06_4.log.parquet","zn_coin_449_2_20240104212745_06_4.log","0","0",,,,,,,"NA","C:\Users\szoke\Documents\BatteryDegradationAtlas\reports\discovery_run_zenodo_zn_coin_20260203_095625\logs\zn_coin_449_2_20240104212745_06_4.log.txt"
"zenodo_zn_coin","zn_coin_449_3_20240104212753_06_5.log.parquet","zn_coin_449_3_20240104212753_06_5.log","0","0",,,,,,,"NA","C:\Users\szoke\Documents\BatteryDegradationAtlas\reports\discovery_run_zenodo_zn_coin_20260203_095625\logs\zn_coin_449_3_20240104212753_06_5.log.txt"
"zenodo_zn_coin","zn_coin_450_1_20240116203402_01_2_batch_3.log.parquet","zn_coin_450_1_20240116203402_01_2_batch_3.log","0","0",,,,,,,"NA","C:\Users\szoke\Documents\BatteryDegradationAtlas\reports\discovery_run_zenodo_zn_coin_20260203_095625\logs\zn_coin_450_1_20240116203402_01_2_batch_3.log.txt"
"zenodo_zn_coin","zn_coin_450_2_20240116203410_01_4_batch_3.log.parquet","zn_coin_450_2_20240116203410_01_4_batch_3.log","0","0",,,,,,,"NA","C:\Users\szoke\Documents\BatteryDegradationAtlas\reports\discovery_run_zenodo_zn_coin_20260203_095625\logs\zn_coin_450_2_20240116203410_01_4_batch_3.log.txt"
"zenodo_zn_coin","zn_coin_450_3_20240116203417_03_3_batch_3.log.parquet","zn_coin_450_3_20240116203417_03_3_batch_3.log","0","0",,,,,,,"NA","C:\Users\szoke\Documents\BatteryDegradationAtlas\reports\discovery_run_zenodo_zn_coin_20260203_095625\logs\zn_coin_450_3_20240116203417_03_3_batch_3.log.txt"
"zenodo_zn_coin","zn_coin_451_1_20240116203425_03_4_batch_3.log.parquet","zn_coin_451_1_20240116203425_03_4_batch_3.log","0","0",,,,,,,"NA","C:\Users\szoke\Documents\BatteryDegradationAtlas\reports\discovery_run_zenodo_zn_coin_20260203_095625\logs\zn_coin_451_1_20240116203425_03_4_batch_3.log.txt"
"zenodo_zn_coin","zn_coin_451_2_20240116203431_04_3_batch_3.log.parquet","zn_coin_451_2_20240116203431_04_3_batch_3.log","0","0",,,,,,,"NA","C:\Users\szoke\Documents\BatteryDegradationAtlas\reports\discovery_run_zenodo_zn_coin_20260203_095625\logs\zn_coin_451_2_20240116203431_04_3_batch_3.log.txt"
"zenodo_zn_coin","zn_coin_451_3_20240116203436_04_5_batch_3.log.parquet","zn_coin_451_3_20240116203436_04_5_batch_3.log","0","0",,,,,,,"NA","C:\Users\szoke\Documents\BatteryDegradationAtlas\reports\discovery_run_zenodo_zn_coin_20260203_095625\logs\zn_coin_451_3_20240116203436_04_5_batch_3.log.txt"
"zenodo_zn_coin","zn_coin_452_1_20240116203442_04_6_batch_3.log.parquet","zn_coin_452_1_20240116203442_04_6_batch_3.log","0","0",,,,,,,"NA","C:\Users\szoke\Documents\BatteryDegradationAtlas\reports\discovery_run_zenodo_zn_coin_20260203_095625\logs\zn_coin_452_1_20240116203442_04_6_batch_3.log.txt"
"zenodo_zn_coin","zn_coin_452_2_20240116203450_08_5_batch_3.log.parquet","zn_coin_452_2_20240116203450_08_5_batch_3.log","0","0",,,,,,,"NA","C:\Users\szoke\Documents\BatteryDegradationAtlas\reports\discovery_run_zenodo_zn_coin_20260203_095625\logs\zn_coin_452_2_20240116203450_08_5_batch_3.log.txt"
"zenodo_zn_coin","zn_coin_452_3_20240116204046_08_4_batch_3.log.parquet","zn_coin_452_3_20240116204046_08_4_batch_3.log","0","0",,,,,,,"NA","C:\Users\szoke\Documents\BatteryDegradationAtlas\reports\discovery_run_zenodo_zn_coin_20260203_095625\logs\zn_coin_452_3_20240116204046_08_4_batch_3.log.txt"
"zenodo_zn_coin","zn_coin_453_1_20240116203617_08_6_batch_3.log.parquet","zn_coin_453_1_20240116203617_08_6_batch_3.log","0","0",,,,,,,"NA","C:\Users\szoke\Documents\BatteryDegradationAtlas\reports\discovery_run_zenodo_zn_coin_20260203_095625\logs\zn_coin_453_1_20240116203617_08_6_batch_3.log.txt"
"zenodo_zn_coin","zn_coin_453_2_20240116203622_08_7_batch_3.log.parquet","zn_coin_453_2_20240116203622_08_7_batch_3.log","0","0",,,,,,,"NA","C:\Users\szoke\Documents\BatteryDegradationAtlas\reports\discovery_run_zenodo_zn_coin_20260203_095625\logs\zn_coin_453_2_20240116203622_08_7_batch_3.log.txt"
"zenodo_zn_coin","zn_coin_453_3_20240116203627_08_8_batch_3.log.parquet","zn_coin_453_3_20240116203627_08_8_batch_3.log","0","0",,,,,,,"NA","C:\Users\szoke\Documents\BatteryDegradationAtlas\reports\discovery_run_zenodo_zn_coin_20260203_095625\logs\zn_coin_453_3_20240116203627_08_8_batch_3.log.txt"
