"dataset","file","cell_id","exit_code","parse_ok","spearman_r_num","warning_cycle","lead_knee","lead_eol","knee_cycle","eol_cycle_v4","out_base","log_path"
"zenodo_snl","snl_18650_lfp_15c_0_100_0_5_2c_b.log.parquet","snl_18650_lfp_15c_0_100_0_5_2c_b.log","0","0",,,,,,,"NA","C:\Users\szoke\Documents\BatteryDegradationAtlas\reports\discovery_run_zenodo_snl_20260203_094603\logs\snl_18650_lfp_15c_0_100_0_5_2c_b.log.txt"
"zenodo_snl","snl_18650_lfp_25c_0_100_0_5_0_5c_a.log.parquet","snl_18650_lfp_25c_0_100_0_5_0_5c_a.log","0","0",,,,,,,"NA","C:\Users\szoke\Documents\BatteryDegradationAtlas\reports\discovery_run_zenodo_snl_20260203_094603\logs\snl_18650_lfp_25c_0_100_0_5_0_5c_a.log.txt"
"zenodo_snl","snl_18650_lfp_25c_0_100_0_5_1c_a.log.parquet","snl_18650_lfp_25c_0_100_0_5_1c_a.log","0","0",,,,,,,"NA","C:\Users\szoke\Documents\BatteryDegradationAtlas\reports\discovery_run_zenodo_snl_20260203_094603\logs\snl_18650_lfp_25c_0_100_0_5_1c_a.log.txt"
"zenodo_snl","snl_18650_lfp_25c_0_100_0_5_1c_b.log.parquet","snl_18650_lfp_25c_0_100_0_5_1c_b.log","0","0",,,,,,,"NA","C:\Users\szoke\Documents\BatteryDegradationAtlas\reports\discovery_run_zenodo_snl_20260203_094603\logs\snl_18650_lfp_25c_0_100_0_5_1c_b.log.txt"
"zenodo_snl","snl_18650_lfp_25c_0_100_0_5_1c_c.log.parquet","snl_18650_lfp_25c_0_100_0_5_1c_c.log","0","0",,,,,,,"NA","C:\Users\szoke\Documents\BatteryDegradationAtlas\reports\discovery_run_zenodo_snl_20260203_094603\logs\snl_18650_lfp_25c_0_100_0_5_1c_c.log.txt"
"zenodo_snl","snl_18650_lfp_25c_0_100_0_5_1c_d.log.parquet","snl_18650_lfp_25c_0_100_0_5_1c_d.log","0","0",,,,,,,"NA","C:\Users\szoke\Documents\BatteryDegradationAtlas\reports\discovery_run_zenodo_snl_20260203_094603\logs\snl_18650_lfp_25c_0_100_0_5_1c_d.log.txt"
"zenodo_snl","snl_18650_lfp_25c_0_100_0_5_2c_a.log.parquet","snl_18650_lfp_25c_0_100_0_5_2c_a.log","0","0",,,,,,,"NA","C:\Users\szoke\Documents\BatteryDegradationAtlas\reports\discovery_run_zenodo_snl_20260203_094603\logs\snl_18650_lfp_25c_0_100_0_5_2c_a.log.txt"
"zenodo_snl","snl_18650_lfp_25c_0_100_0_5_2c_b.log.parquet","snl_18650_lfp_25c_0_100_0_5_2c_b.log","0","0",,,,,,,"NA","C:\Users\szoke\Documents\BatteryDegradationAtlas\reports\discovery_run_zenodo_snl_20260203_094603\logs\snl_18650_lfp_25c_0_100_0_5_2c_b.log.txt"
"zenodo_snl","snl_18650_lfp_25c_0_100_0_5_3c_a.log.parquet","snl_18650_lfp_25c_0_100_0_5_3c_a.log","0","0",,,,,,,"NA","C:\Users\szoke\Documents\BatteryDegradationAtlas\reports\discovery_run_zenodo_snl_20260203_094603\logs\snl_18650_lfp_25c_0_100_0_5_3c_a.log.txt"
"zenodo_snl","snl_18650_lfp_25c_0_100_0_5_3c_b.log.parquet","snl_18650_lfp_25c_0_100_0_5_3c_b.log","0","0",,,,,,,"NA","C:\Users\szoke\Documents\BatteryDegradationAtlas\reports\discovery_run_zenodo_snl_20260203_094603\logs\snl_18650_lfp_25c_0_100_0_5_3c_b.log.txt"
"zenodo_snl","snl_18650_lfp_25c_0_100_0_5_3c_c.log.parquet","snl_18650_lfp_25c_0_100_0_5_3c_c.log","0","0",,,,,,,"NA","C:\Users\szoke\Documents\BatteryDegradationAtlas\reports\discovery_run_zenodo_snl_20260203_094603\logs\snl_18650_lfp_25c_0_100_0_5_3c_c.log.txt"
"zenodo_snl","snl_18650_lfp_25c_0_100_0_5_3c_d.log.parquet","snl_18650_lfp_25c_0_100_0_5_3c_d.log","0","0",,,,,,,"NA","C:\Users\szoke\Documents\BatteryDegradationAtlas\reports\discovery_run_zenodo_snl_20260203_094603\logs\snl_18650_lfp_25c_0_100_0_5_3c_d.log.txt"
"zenodo_snl","snl_18650_lfp_35c_0_100_0_5_1c_a.log.parquet","snl_18650_lfp_35c_0_100_0_5_1c_a.log","0","0",,,,,,,"NA","C:\Users\szoke\Documents\BatteryDegradationAtlas\reports\discovery_run_zenodo_snl_20260203_094603\logs\snl_18650_lfp_35c_0_100_0_5_1c_a.log.txt"
"zenodo_snl","snl_18650_lfp_35c_0_100_0_5_1c_b.log.parquet","snl_18650_lfp_35c_0_100_0_5_1c_b.log","0","0",,,,,,,"NA","C:\Users\szoke\Documents\BatteryDegradationAtlas\reports\discovery_run_zenodo_snl_20260203_094603\logs\snl_18650_lfp_35c_0_100_0_5_1c_b.log.txt"
"zenodo_snl","snl_18650_lfp_35c_0_100_0_5_1c_c.log.parquet","snl_18650_lfp_35c_0_100_0_5_1c_c.log","0","0",,,,,,,"NA","C:\Users\szoke\Documents\BatteryDegradationAtlas\reports\discovery_run_zenodo_snl_20260203_094603\logs\snl_18650_lfp_35c_0_100_0_5_1c_c.log.txt"
"zenodo_snl","snl_18650_lfp_35c_0_100_0_5_1c_d.log.parquet","snl_18650_lfp_35c_0_100_0_5_1c_d.log","0","0",,,,,,,"NA","C:\Users\szoke\Documents\BatteryDegradationAtlas\reports\discovery_run_zenodo_snl_20260203_094603\logs\snl_18650_lfp_35c_0_100_0_5_1c_d.log.txt"
"zenodo_snl","snl_18650_lfp_35c_0_100_0_5_2c_a.log.parquet","snl_18650_lfp_35c_0_100_0_5_2c_a.log","0","0",,,,,,,"NA","C:\Users\szoke\Documents\BatteryDegradationAtlas\reports\discovery_run_zenodo_snl_20260203_094603\logs\snl_18650_lfp_35c_0_100_0_5_2c_a.log.txt"
"zenodo_snl","snl_18650_lfp_35c_0_100_0_5_2c_b.log.parquet","snl_18650_lfp_35c_0_100_0_5_2c_b.log","0","0",,,,,,,"NA","C:\Users\szoke\Documents\BatteryDegradationAtlas\reports\discovery_run_zenodo_snl_20260203_094603\logs\snl_18650_lfp_35c_0_100_0_5_2c_b.log.txt"
"zenodo_snl","snl_18650_nca_15c_0_100_0_5_1c_a.log.parquet","snl_18650_nca_15c_0_100_0_5_1c_a.log","0","0",,,,,,,"NA","C:\Users\szoke\Documents\BatteryDegradationAtlas\reports\discovery_run_zenodo_snl_20260203_094603\logs\snl_18650_nca_15c_0_100_0_5_1c_a.log.txt"
"zenodo_snl","snl_18650_nca_15c_0_100_0_5_1c_b.log.parquet","snl_18650_nca_15c_0_100_0_5_1c_b.log","0","0",,,,,,,"NA","C:\Users\szoke\Documents\BatteryDegradationAtlas\reports\discovery_run_zenodo_snl_20260203_094603\logs\snl_18650_nca_15c_0_100_0_5_1c_b.log.txt"
"zenodo_snl","snl_18650_nca_15c_0_100_0_5_2c_a.log.parquet","snl_18650_nca_15c_0_100_0_5_2c_a.log","0","0",,,,,,,"NA","C:\Users\szoke\Documents\BatteryDegradationAtlas\reports\discovery_run_zenodo_snl_20260203_094603\logs\snl_18650_nca_15c_0_100_0_5_2c_a.log.txt"
"zenodo_snl","snl_18650_nca_15c_0_100_0_5_2c_b.log.parquet","snl_18650_nca_15c_0_100_0_5_2c_b.log","0","0",,,,,,,"NA","C:\Users\szoke\Documents\BatteryDegradationAtlas\reports\discovery_run_zenodo_snl_20260203_094603\logs\snl_18650_nca_15c_0_100_0_5_2c_b.log.txt"
"zenodo_snl","snl_18650_nca_25c_0_100_0_5_0_5c_a.log.parquet","snl_18650_nca_25c_0_100_0_5_0_5c_a.log","0","0",,,,,,,"NA","C:\Users\szoke\Documents\BatteryDegradationAtlas\reports\discovery_run_zenodo_snl_20260203_094603\logs\snl_18650_nca_25c_0_100_0_5_0_5c_a.log.txt"
"zenodo_snl","snl_18650_nca_25c_0_100_0_5_0_5c_b.log.parquet","snl_18650_nca_25c_0_100_0_5_0_5c_b.log","0","0",,,,,,,"NA","C:\Users\szoke\Documents\BatteryDegradationAtlas\reports\discovery_run_zenodo_snl_20260203_094603\logs\snl_18650_nca_25c_0_100_0_5_0_5c_b.log.txt"
"zenodo_snl","snl_18650_nca_25c_0_100_0_5_1c_a.log.parquet","snl_18650_nca_25c_0_100_0_5_1c_a.log","0","0",,,,,,,"NA","C:\Users\szoke\Documents\BatteryDegradationAtlas\reports\discovery_run_zenodo_snl_20260203_094603\logs\snl_18650_nca_25c_0_100_0_5_1c_a.log.txt"
"zenodo_snl","snl_18650_nca_25c_0_100_0_5_1c_b.log.parquet","snl_18650_nca_25c_0_100_0_5_1c_b.log","0","0",,,,,,,"NA","C:\Users\szoke\Documents\BatteryDegradationAtlas\reports\discovery_run_zenodo_snl_20260203_094603\logs\snl_18650_nca_25c_0_100_0_5_1c_b.log.txt"
"zenodo_snl","snl_18650_nca_25c_0_100_0_5_1c_c.log.parquet","snl_18650_nca_25c_0_100_0_5_1c_c.log","0","0",,,,,,,"NA","C:\Users\szoke\Documents\BatteryDegradationAtlas\reports\discovery_run_zenodo_snl_20260203_094603\logs\snl_18650_nca_25c_0_100_0_5_1c_c.log.txt"
"zenodo_snl","snl_18650_nca_25c_0_100_0_5_1c_d.log.parquet","snl_18650_nca_25c_0_100_0_5_1c_d.log","0","0",,,,,,,"NA","C:\Users\szoke\Documents\BatteryDegradationAtlas\reports\discovery_run_zenodo_snl_20260203_094603\logs\snl_18650_nca_25c_0_100_0_5_1c_d.log.txt"
"zenodo_snl","snl_18650_nca_25c_0_100_0_5_2c_a.log.parquet","snl_18650_nca_25c_0_100_0_5_2c_a.log","0","0",,,,,,,"NA","C:\Users\szoke\Documents\BatteryDegradationAtlas\reports\discovery_run_zenodo_snl_20260203_094603\logs\snl_18650_nca_25c_0_100_0_5_2c_a.log.txt"
"zenodo_snl","snl_18650_nca_25c_0_100_0_5_2c_b.log.parquet","snl_18650_nca_25c_0_100_0_5_2c_b.log","0","0",,,,,,,"NA","C:\Users\szoke\Documents\BatteryDegradationAtlas\reports\discovery_run_zenodo_snl_20260203_094603\logs\snl_18650_nca_25c_0_100_0_5_2c_b.log.txt"
"zenodo_snl","snl_18650_nca_25c_20_80_0_5_0_5c_a.log.parquet","snl_18650_nca_25c_20_80_0_5_0_5c_a.log","0","0",,,,,,,"NA","C:\Users\szoke\Documents\BatteryDegradationAtlas\reports\discovery_run_zenodo_snl_20260203_094603\logs\snl_18650_nca_25c_20_80_0_5_0_5c_a.log.txt"
"zenodo_snl","snl_18650_nca_25c_20_80_0_5_0_5c_b.log.parquet","snl_18650_nca_25c_20_80_0_5_0_5c_b.log","0","0",,,,,,,"NA","C:\Users\szoke\Documents\BatteryDegradationAtlas\reports\discovery_run_zenodo_snl_20260203_094603\logs\snl_18650_nca_25c_20_80_0_5_0_5c_b.log.txt"
"zenodo_snl","snl_18650_nca_25c_20_80_0_5_0_5c_c.log.parquet","snl_18650_nca_25c_20_80_0_5_0_5c_c.log","0","0",,,,,,,"NA","C:\Users\szoke\Documents\BatteryDegradationAtlas\reports\discovery_run_zenodo_snl_20260203_094603\logs\snl_18650_nca_25c_20_80_0_5_0_5c_c.log.txt"
"zenodo_snl","snl_18650_nca_25c_20_80_0_5_0_5c_d.log.parquet","snl_18650_nca_25c_20_80_0_5_0_5c_d.log","0","0",,,,,,,"NA","C:\Users\szoke\Documents\BatteryDegradationAtlas\reports\discovery_run_zenodo_snl_20260203_094603\logs\snl_18650_nca_25c_20_80_0_5_0_5c_d.log.txt"
"zenodo_snl","snl_18650_nca_35c_0_100_0_5_1c_a.log.parquet","snl_18650_nca_35c_0_100_0_5_1c_a.log","0","0",,,,,,,"NA","C:\Users\szoke\Documents\BatteryDegradationAtlas\reports\discovery_run_zenodo_snl_20260203_094603\logs\snl_18650_nca_35c_0_100_0_5_1c_a.log.txt"
"zenodo_snl","snl_18650_nca_35c_0_100_0_5_1c_b.log.parquet","snl_18650_nca_35c_0_100_0_5_1c_b.log","0","0",,,,,,,"NA","C:\Users\szoke\Documents\BatteryDegradationAtlas\reports\discovery_run_zenodo_snl_20260203_094603\logs\snl_18650_nca_35c_0_100_0_5_1c_b.log.txt"
"zenodo_snl","snl_18650_nca_35c_0_100_0_5_1c_c.log.parquet","snl_18650_nca_35c_0_100_0_5_1c_c.log","0","0",,,,,,,"NA","C:\Users\szoke\Documents\BatteryDegradationAtlas\reports\discovery_run_zenodo_snl_20260203_094603\logs\snl_18650_nca_35c_0_100_0_5_1c_c.log.txt"
"zenodo_snl","snl_18650_nca_35c_0_100_0_5_1c_d.log.parquet","snl_18650_nca_35c_0_100_0_5_1c_d.log","0","0",,,,,,,"NA","C:\Users\szoke\Documents\BatteryDegradationAtlas\reports\discovery_run_zenodo_snl_20260203_094603\logs\snl_18650_nca_35c_0_100_0_5_1c_d.log.txt"
"zenodo_snl","snl_18650_nca_35c_0_100_0_5_2c_a.log.parquet","snl_18650_nca_35c_0_100_0_5_2c_a.log","0","0",,,,,,,"NA","C:\Users\szoke\Documents\BatteryDegradationAtlas\reports\discovery_run_zenodo_snl_20260203_094603\logs\snl_18650_nca_35c_0_100_0_5_2c_a.log.txt"
"zenodo_snl","snl_18650_nca_35c_0_100_0_5_2c_b.log.parquet","snl_18650_nca_35c_0_100_0_5_2c_b.log","0","0",,,,,,,"NA","C:\Users\szoke\Documents\BatteryDegradationAtlas\reports\discovery_run_zenodo_snl_20260203_094603\logs\snl_18650_nca_35c_0_100_0_5_2c_b.log.txt"
"zenodo_snl","snl_18650_nmc_15c_0_100_0_5_1c_a.log.parquet","snl_18650_nmc_15c_0_100_0_5_1c_a.log","0","0",,,,,,,"NA","C:\Users\szoke\Documents\BatteryDegradationAtlas\reports\discovery_run_zenodo_snl_20260203_094603\logs\snl_18650_nmc_15c_0_100_0_5_1c_a.log.txt"
"zenodo_snl","snl_18650_nmc_15c_0_100_0_5_1c_b.log.parquet","snl_18650_nmc_15c_0_100_0_5_1c_b.log","0","0",,,,,,,"NA","C:\Users\szoke\Documents\BatteryDegradationAtlas\reports\discovery_run_zenodo_snl_20260203_094603\logs\snl_18650_nmc_15c_0_100_0_5_1c_b.log.txt"
"zenodo_snl","snl_18650_nmc_15c_0_100_0_5_2c_a.log.parquet","snl_18650_nmc_15c_0_100_0_5_2c_a.log","0","0",,,,,,,"NA","C:\Users\szoke\Documents\BatteryDegradationAtlas\reports\discovery_run_zenodo_snl_20260203_094603\logs\snl_18650_nmc_15c_0_100_0_5_2c_a.log.txt"
"zenodo_snl","snl_18650_nmc_15c_0_100_0_5_2c_b.log.parquet","snl_18650_nmc_15c_0_100_0_5_2c_b.log","0","0",,,,,,,"NA","C:\Users\szoke\Documents\BatteryDegradationAtlas\reports\discovery_run_zenodo_snl_20260203_094603\logs\snl_18650_nmc_15c_0_100_0_5_2c_b.log.txt"
"zenodo_snl","snl_18650_nmc_25c_0_100_0_5_0_5c_b.log.parquet","snl_18650_nmc_25c_0_100_0_5_0_5c_b.log","0","0",,,,,,,"NA","C:\Users\szoke\Documents\BatteryDegradationAtlas\reports\discovery_run_zenodo_snl_20260203_094603\logs\snl_18650_nmc_25c_0_100_0_5_0_5c_b.log.txt"
"zenodo_snl","snl_18650_nmc_25c_0_100_0_5_1c_a.log.parquet","snl_18650_nmc_25c_0_100_0_5_1c_a.log","0","0",,,,,,,"NA","C:\Users\szoke\Documents\BatteryDegradationAtlas\reports\discovery_run_zenodo_snl_20260203_094603\logs\snl_18650_nmc_25c_0_100_0_5_1c_a.log.txt"
"zenodo_snl","snl_18650_nmc_25c_0_100_0_5_1c_b.log.parquet","snl_18650_nmc_25c_0_100_0_5_1c_b.log","0","0",,,,,,,"NA","C:\Users\szoke\Documents\BatteryDegradationAtlas\reports\discovery_run_zenodo_snl_20260203_094603\logs\snl_18650_nmc_25c_0_100_0_5_1c_b.log.txt"
"zenodo_snl","snl_18650_nmc_25c_0_100_0_5_1c_c.log.parquet","snl_18650_nmc_25c_0_100_0_5_1c_c.log","0","0",,,,,,,"NA","C:\Users\szoke\Documents\BatteryDegradationAtlas\reports\discovery_run_zenodo_snl_20260203_094603\logs\snl_18650_nmc_25c_0_100_0_5_1c_c.log.txt"
"zenodo_snl","snl_18650_nmc_25c_0_100_0_5_1c_d.log.parquet","snl_18650_nmc_25c_0_100_0_5_1c_d.log","0","0",,,,,,,"NA","C:\Users\szoke\Documents\BatteryDegradationAtlas\reports\discovery_run_zenodo_snl_20260203_094603\logs\snl_18650_nmc_25c_0_100_0_5_1c_d.log.txt"
"zenodo_snl","snl_18650_nmc_25c_0_100_0_5_2c_a.log.parquet","snl_18650_nmc_25c_0_100_0_5_2c_a.log","0","0",,,,,,,"NA","C:\Users\szoke\Documents\BatteryDegradationAtlas\reports\discovery_run_zenodo_snl_20260203_094603\logs\snl_18650_nmc_25c_0_100_0_5_2c_a.log.txt"
"zenodo_snl","snl_18650_nmc_25c_0_100_0_5_2c_b.log.parquet","snl_18650_nmc_25c_0_100_0_5_2c_b.log","0","0",,,,,,,"NA","C:\Users\szoke\Documents\BatteryDegradationAtlas\reports\discovery_run_zenodo_snl_20260203_094603\logs\snl_18650_nmc_25c_0_100_0_5_2c_b.log.txt"
"zenodo_snl","snl_18650_nmc_25c_0_100_0_5_3c_a.log.parquet","snl_18650_nmc_25c_0_100_0_5_3c_a.log","0","0",,,,,,,"NA","C:\Users\szoke\Documents\BatteryDegradationAtlas\reports\discovery_run_zenodo_snl_20260203_094603\logs\snl_18650_nmc_25c_0_100_0_5_3c_a.log.txt"
"zenodo_snl","snl_18650_nmc_25c_0_100_0_5_3c_b.log.parquet","snl_18650_nmc_25c_0_100_0_5_3c_b.log","0","0",,,,,,,"NA","C:\Users\szoke\Documents\BatteryDegradationAtlas\reports\discovery_run_zenodo_snl_20260203_094603\logs\snl_18650_nmc_25c_0_100_0_5_3c_b.log.txt"
"zenodo_snl","snl_18650_nmc_25c_0_100_0_5_3c_c.log.parquet","snl_18650_nmc_25c_0_100_0_5_3c_c.log","0","0",,,,,,,"NA","C:\Users\szoke\Documents\BatteryDegradationAtlas\reports\discovery_run_zenodo_snl_20260203_094603\logs\snl_18650_nmc_25c_0_100_0_5_3c_c.log.txt"
"zenodo_snl","snl_18650_nmc_25c_0_100_0_5_3c_d.log.parquet","snl_18650_nmc_25c_0_100_0_5_3c_d.log","0","0",,,,,,,"NA","C:\Users\szoke\Documents\BatteryDegradationAtlas\reports\discovery_run_zenodo_snl_20260203_094603\logs\snl_18650_nmc_25c_0_100_0_5_3c_d.log.txt"
"zenodo_snl","snl_18650_nmc_35c_0_100_0_5_1c_a.log.parquet","snl_18650_nmc_35c_0_100_0_5_1c_a.log","0","0",,,,,,,"NA","C:\Users\szoke\Documents\BatteryDegradationAtlas\reports\discovery_run_zenodo_snl_20260203_094603\logs\snl_18650_nmc_35c_0_100_0_5_1c_a.log.txt"
"zenodo_snl","snl_18650_nmc_35c_0_100_0_5_1c_b.log.parquet","snl_18650_nmc_35c_0_100_0_5_1c_b.log","0","0",,,,,,,"NA","C:\Users\szoke\Documents\BatteryDegradationAtlas\reports\discovery_run_zenodo_snl_20260203_094603\logs\snl_18650_nmc_35c_0_100_0_5_1c_b.log.txt"
"zenodo_snl","snl_18650_nmc_35c_0_100_0_5_1c_c.log.parquet","snl_18650_nmc_35c_0_100_0_5_1c_c.log","0","0",,,,,,,"NA","C:\Users\szoke\Documents\BatteryDegradationAtlas\reports\discovery_run_zenodo_snl_20260203_094603\logs\snl_18650_nmc_35c_0_100_0_5_1c_c.log.txt"
"zenodo_snl","snl_18650_nmc_35c_0_100_0_5_1c_d.log.parquet","snl_18650_nmc_35c_0_100_0_5_1c_d.log","0","0",,,,,,,"NA","C:\Users\szoke\Documents\BatteryDegradationAtlas\reports\discovery_run_zenodo_snl_20260203_094603\logs\snl_18650_nmc_35c_0_100_0_5_1c_d.log.txt"
"zenodo_snl","snl_18650_nmc_35c_0_100_0_5_2c_a.log.parquet","snl_18650_nmc_35c_0_100_0_5_2c_a.log","0","0",,,,,,,"NA","C:\Users\szoke\Documents\BatteryDegradationAtlas\reports\discovery_run_zenodo_snl_20260203_094603\logs\snl_18650_nmc_35c_0_100_0_5_2c_a.log.txt"
"zenodo_snl","snl_18650_nmc_35c_0_100_0_5_2c_b.log.parquet","snl_18650_nmc_35c_0_100_0_5_2c_b.log","0","0",,,,,,,"NA","C:\Users\szoke\Documents\BatteryDegradationAtlas\reports\discovery_run_zenodo_snl_20260203_094603\logs\snl_18650_nmc_35c_0_100_0_5_2c_b.log.txt"
