"dataset","file","cell_id","exit_code","parse_ok","spearman_r_num","warning_cycle","lead_knee","lead_eol","knee_cycle","eol_cycle_v4","out_base","log_path"
"zenodo_hust","hust_1_1.log.parquet","hust_1_1.log","0","0",,,,,,,"NA","C:\Users\szoke\Documents\BatteryDegradationAtlas\reports\discovery_run_zenodo_hust_20260203_085437\logs\hust_1_1.log.txt"
"zenodo_hust","hust_1_2.log.parquet","hust_1_2.log","0","0",,,,,,,"NA","C:\Users\szoke\Documents\BatteryDegradationAtlas\reports\discovery_run_zenodo_hust_20260203_085437\logs\hust_1_2.log.txt"
"zenodo_hust","hust_1_3.log.parquet","hust_1_3.log","0","0",,,,,,,"NA","C:\Users\szoke\Documents\BatteryDegradationAtlas\reports\discovery_run_zenodo_hust_20260203_085437\logs\hust_1_3.log.txt"
"zenodo_hust","hust_1_4.log.parquet","hust_1_4.log","0","0",,,,,,,"NA","C:\Users\szoke\Documents\BatteryDegradationAtlas\reports\discovery_run_zenodo_hust_20260203_085437\logs\hust_1_4.log.txt"
"zenodo_hust","hust_1_5.log.parquet","hust_1_5.log","0","0",,,,,,,"NA","C:\Users\szoke\Documents\BatteryDegradationAtlas\reports\discovery_run_zenodo_hust_20260203_085437\logs\hust_1_5.log.txt"
"zenodo_hust","hust_1_6.log.parquet","hust_1_6.log","0","0",,,,,,,"NA","C:\Users\szoke\Documents\BatteryDegradationAtlas\reports\discovery_run_zenodo_hust_20260203_085437\logs\hust_1_6.log.txt"
"zenodo_hust","hust_1_7.log.parquet","hust_1_7.log","0","0",,,,,,,"NA","C:\Users\szoke\Documents\BatteryDegradationAtlas\reports\discovery_run_zenodo_hust_20260203_085437\logs\hust_1_7.log.txt"
"zenodo_hust","hust_1_8.log.parquet","hust_1_8.log","0","0",,,,,,,"NA","C:\Users\szoke\Documents\BatteryDegradationAtlas\reports\discovery_run_zenodo_hust_20260203_085437\logs\hust_1_8.log.txt"
"zenodo_hust","hust_10_1.log.parquet","hust_10_1.log","0","0",,,,,,,"NA","C:\Users\szoke\Documents\BatteryDegradationAtlas\reports\discovery_run_zenodo_hust_20260203_085437\logs\hust_10_1.log.txt"
"zenodo_hust","hust_10_2.log.parquet","hust_10_2.log","0","0",,,,,,,"NA","C:\Users\szoke\Documents\BatteryDegradationAtlas\reports\discovery_run_zenodo_hust_20260203_085437\logs\hust_10_2.log.txt"
"zenodo_hust","hust_10_3.log.parquet","hust_10_3.log","0","0",,,,,,,"NA","C:\Users\szoke\Documents\BatteryDegradationAtlas\reports\discovery_run_zenodo_hust_20260203_085437\logs\hust_10_3.log.txt"
"zenodo_hust","hust_10_4.log.parquet","hust_10_4.log","0","0",,,,,,,"NA","C:\Users\szoke\Documents\BatteryDegradationAtlas\reports\discovery_run_zenodo_hust_20260203_085437\logs\hust_10_4.log.txt"
"zenodo_hust","hust_10_5.log.parquet","hust_10_5.log","0","0",,,,,,,"NA","C:\Users\szoke\Documents\BatteryDegradationAtlas\reports\discovery_run_zenodo_hust_20260203_085437\logs\hust_10_5.log.txt"
"zenodo_hust","hust_10_6.log.parquet","hust_10_6.log","0","0",,,,,,,"NA","C:\Users\szoke\Documents\BatteryDegradationAtlas\reports\discovery_run_zenodo_hust_20260203_085437\logs\hust_10_6.log.txt"
"zenodo_hust","hust_10_7.log.parquet","hust_10_7.log","0","0",,,,,,,"NA","C:\Users\szoke\Documents\BatteryDegradationAtlas\reports\discovery_run_zenodo_hust_20260203_085437\logs\hust_10_7.log.txt"
"zenodo_hust","hust_10_8.log.parquet","hust_10_8.log","0","0",,,,,,,"NA","C:\Users\szoke\Documents\BatteryDegradationAtlas\reports\discovery_run_zenodo_hust_20260203_085437\logs\hust_10_8.log.txt"
"zenodo_hust","hust_2_2.log.parquet","hust_2_2.log","0","0",,,,,,,"NA","C:\Users\szoke\Documents\BatteryDegradationAtlas\reports\discovery_run_zenodo_hust_20260203_085437\logs\hust_2_2.log.txt"
"zenodo_hust","hust_2_3.log.parquet","hust_2_3.log","0","0",,,,,,,"NA","C:\Users\szoke\Documents\BatteryDegradationAtlas\reports\discovery_run_zenodo_hust_20260203_085437\logs\hust_2_3.log.txt"
"zenodo_hust","hust_2_4.log.parquet","hust_2_4.log","0","0",,,,,,,"NA","C:\Users\szoke\Documents\BatteryDegradationAtlas\reports\discovery_run_zenodo_hust_20260203_085437\logs\hust_2_4.log.txt"
"zenodo_hust","hust_2_5.log.parquet","hust_2_5.log","0","0",,,,,,,"NA","C:\Users\szoke\Documents\BatteryDegradationAtlas\reports\discovery_run_zenodo_hust_20260203_085437\logs\hust_2_5.log.txt"
"zenodo_hust","hust_2_6.log.parquet","hust_2_6.log","0","0",,,,,,,"NA","C:\Users\szoke\Documents\BatteryDegradationAtlas\reports\discovery_run_zenodo_hust_20260203_085437\logs\hust_2_6.log.txt"
"zenodo_hust","hust_2_7.log.parquet","hust_2_7.log","0","0",,,,,,,"NA","C:\Users\szoke\Documents\BatteryDegradationAtlas\reports\discovery_run_zenodo_hust_20260203_085437\logs\hust_2_7.log.txt"
"zenodo_hust","hust_2_8.log.parquet","hust_2_8.log","0","0",,,,,,,"NA","C:\Users\szoke\Documents\BatteryDegradationAtlas\reports\discovery_run_zenodo_hust_20260203_085437\logs\hust_2_8.log.txt"
"zenodo_hust","hust_3_1.log.parquet","hust_3_1.log","0","0",,,,,,,"NA","C:\Users\szoke\Documents\BatteryDegradationAtlas\reports\discovery_run_zenodo_hust_20260203_085437\logs\hust_3_1.log.txt"
"zenodo_hust","hust_3_2.log.parquet","hust_3_2.log","0","0",,,,,,,"NA","C:\Users\szoke\Documents\BatteryDegradationAtlas\reports\discovery_run_zenodo_hust_20260203_085437\logs\hust_3_2.log.txt"
"zenodo_hust","hust_3_3.log.parquet","hust_3_3.log","0","0",,,,,,,"NA","C:\Users\szoke\Documents\BatteryDegradationAtlas\reports\discovery_run_zenodo_hust_20260203_085437\logs\hust_3_3.log.txt"
"zenodo_hust","hust_3_4.log.parquet","hust_3_4.log","0","0",,,,,,,"NA","C:\Users\szoke\Documents\BatteryDegradationAtlas\reports\discovery_run_zenodo_hust_20260203_085437\logs\hust_3_4.log.txt"
"zenodo_hust","hust_3_5.log.parquet","hust_3_5.log","0","0",,,,,,,"NA","C:\Users\szoke\Documents\BatteryDegradationAtlas\reports\discovery_run_zenodo_hust_20260203_085437\logs\hust_3_5.log.txt"
"zenodo_hust","hust_3_6.log.parquet","hust_3_6.log","0","0",,,,,,,"NA","C:\Users\szoke\Documents\BatteryDegradationAtlas\reports\discovery_run_zenodo_hust_20260203_085437\logs\hust_3_6.log.txt"
"zenodo_hust","hust_3_7.log.parquet","hust_3_7.log","0","0",,,,,,,"NA","C:\Users\szoke\Documents\BatteryDegradationAtlas\reports\discovery_run_zenodo_hust_20260203_085437\logs\hust_3_7.log.txt"
"zenodo_hust","hust_3_8.log.parquet","hust_3_8.log","0","0",,,,,,,"NA","C:\Users\szoke\Documents\BatteryDegradationAtlas\reports\discovery_run_zenodo_hust_20260203_085437\logs\hust_3_8.log.txt"
"zenodo_hust","hust_4_1.log.parquet","hust_4_1.log","0","0",,,,,,,"NA","C:\Users\szoke\Documents\BatteryDegradationAtlas\reports\discovery_run_zenodo_hust_20260203_085437\logs\hust_4_1.log.txt"
"zenodo_hust","hust_4_2.log.parquet","hust_4_2.log","0","0",,,,,,,"NA","C:\Users\szoke\Documents\BatteryDegradationAtlas\reports\discovery_run_zenodo_hust_20260203_085437\logs\hust_4_2.log.txt"
"zenodo_hust","hust_4_3.log.parquet","hust_4_3.log","0","0",,,,,,,"NA","C:\Users\szoke\Documents\BatteryDegradationAtlas\reports\discovery_run_zenodo_hust_20260203_085437\logs\hust_4_3.log.txt"
"zenodo_hust","hust_4_4.log.parquet","hust_4_4.log","0","0",,,,,,,"NA","C:\Users\szoke\Documents\BatteryDegradationAtlas\reports\discovery_run_zenodo_hust_20260203_085437\logs\hust_4_4.log.txt"
"zenodo_hust","hust_4_5.log.parquet","hust_4_5.log","0","0",,,,,,,"NA","C:\Users\szoke\Documents\BatteryDegradationAtlas\reports\discovery_run_zenodo_hust_20260203_085437\logs\hust_4_5.log.txt"
"zenodo_hust","hust_4_6.log.parquet","hust_4_6.log","0","0",,,,,,,"NA","C:\Users\szoke\Documents\BatteryDegradationAtlas\reports\discovery_run_zenodo_hust_20260203_085437\logs\hust_4_6.log.txt"
"zenodo_hust","hust_4_7.log.parquet","hust_4_7.log","0","0",,,,,,,"NA","C:\Users\szoke\Documents\BatteryDegradationAtlas\reports\discovery_run_zenodo_hust_20260203_085437\logs\hust_4_7.log.txt"
"zenodo_hust","hust_4_8.log.parquet","hust_4_8.log","0","0",,,,,,,"NA","C:\Users\szoke\Documents\BatteryDegradationAtlas\reports\discovery_run_zenodo_hust_20260203_085437\logs\hust_4_8.log.txt"
"zenodo_hust","hust_5_1.log.parquet","hust_5_1.log","0","0",,,,,,,"NA","C:\Users\szoke\Documents\BatteryDegradationAtlas\reports\discovery_run_zenodo_hust_20260203_085437\logs\hust_5_1.log.txt"
"zenodo_hust","hust_5_2.log.parquet","hust_5_2.log","0","0",,,,,,,"NA","C:\Users\szoke\Documents\BatteryDegradationAtlas\reports\discovery_run_zenodo_hust_20260203_085437\logs\hust_5_2.log.txt"
"zenodo_hust","hust_5_3.log.parquet","hust_5_3.log","0","0",,,,,,,"NA","C:\Users\szoke\Documents\BatteryDegradationAtlas\reports\discovery_run_zenodo_hust_20260203_085437\logs\hust_5_3.log.txt"
"zenodo_hust","hust_5_4.log.parquet","hust_5_4.log","0","0",,,,,,,"NA","C:\Users\szoke\Documents\BatteryDegradationAtlas\reports\discovery_run_zenodo_hust_20260203_085437\logs\hust_5_4.log.txt"
"zenodo_hust","hust_5_5.log.parquet","hust_5_5.log","0","0",,,,,,,"NA","C:\Users\szoke\Documents\BatteryDegradationAtlas\reports\discovery_run_zenodo_hust_20260203_085437\logs\hust_5_5.log.txt"
"zenodo_hust","hust_5_6.log.parquet","hust_5_6.log","0","0",,,,,,,"NA","C:\Users\szoke\Documents\BatteryDegradationAtlas\reports\discovery_run_zenodo_hust_20260203_085437\logs\hust_5_6.log.txt"
"zenodo_hust","hust_5_7.log.parquet","hust_5_7.log","0","0",,,,,,,"NA","C:\Users\szoke\Documents\BatteryDegradationAtlas\reports\discovery_run_zenodo_hust_20260203_085437\logs\hust_5_7.log.txt"
"zenodo_hust","hust_6_1.log.parquet","hust_6_1.log","0","0",,,,,,,"NA","C:\Users\szoke\Documents\BatteryDegradationAtlas\reports\discovery_run_zenodo_hust_20260203_085437\logs\hust_6_1.log.txt"
"zenodo_hust","hust_6_2.log.parquet","hust_6_2.log","0","0",,,,,,,"NA","C:\Users\szoke\Documents\BatteryDegradationAtlas\reports\discovery_run_zenodo_hust_20260203_085437\logs\hust_6_2.log.txt"
"zenodo_hust","hust_6_3.log.parquet","hust_6_3.log","0","0",,,,,,,"NA","C:\Users\szoke\Documents\BatteryDegradationAtlas\reports\discovery_run_zenodo_hust_20260203_085437\logs\hust_6_3.log.txt"
"zenodo_hust","hust_6_4.log.parquet","hust_6_4.log","0","0",,,,,,,"NA","C:\Users\szoke\Documents\BatteryDegradationAtlas\reports\discovery_run_zenodo_hust_20260203_085437\logs\hust_6_4.log.txt"
"zenodo_hust","hust_6_5.log.parquet","hust_6_5.log","0","0",,,,,,,"NA","C:\Users\szoke\Documents\BatteryDegradationAtlas\reports\discovery_run_zenodo_hust_20260203_085437\logs\hust_6_5.log.txt"
"zenodo_hust","hust_6_6.log.parquet","hust_6_6.log","0","0",,,,,,,"NA","C:\Users\szoke\Documents\BatteryDegradationAtlas\reports\discovery_run_zenodo_hust_20260203_085437\logs\hust_6_6.log.txt"
"zenodo_hust","hust_6_8.log.parquet","hust_6_8.log","0","0",,,,,,,"NA","C:\Users\szoke\Documents\BatteryDegradationAtlas\reports\discovery_run_zenodo_hust_20260203_085437\logs\hust_6_8.log.txt"
"zenodo_hust","hust_7_1.log.parquet","hust_7_1.log","0","0",,,,,,,"NA","C:\Users\szoke\Documents\BatteryDegradationAtlas\reports\discovery_run_zenodo_hust_20260203_085437\logs\hust_7_1.log.txt"
"zenodo_hust","hust_7_2.log.parquet","hust_7_2.log","0","0",,,,,,,"NA","C:\Users\szoke\Documents\BatteryDegradationAtlas\reports\discovery_run_zenodo_hust_20260203_085437\logs\hust_7_2.log.txt"
"zenodo_hust","hust_7_3.log.parquet","hust_7_3.log","0","0",,,,,,,"NA","C:\Users\szoke\Documents\BatteryDegradationAtlas\reports\discovery_run_zenodo_hust_20260203_085437\logs\hust_7_3.log.txt"
"zenodo_hust","hust_7_4.log.parquet","hust_7_4.log","0","0",,,,,,,"NA","C:\Users\szoke\Documents\BatteryDegradationAtlas\reports\discovery_run_zenodo_hust_20260203_085437\logs\hust_7_4.log.txt"
"zenodo_hust","hust_7_5.log.parquet","hust_7_5.log","0","0",,,,,,,"NA","C:\Users\szoke\Documents\BatteryDegradationAtlas\reports\discovery_run_zenodo_hust_20260203_085437\logs\hust_7_5.log.txt"
"zenodo_hust","hust_7_6.log.parquet","hust_7_6.log","0","0",,,,,,,"NA","C:\Users\szoke\Documents\BatteryDegradationAtlas\reports\discovery_run_zenodo_hust_20260203_085437\logs\hust_7_6.log.txt"
"zenodo_hust","hust_7_7.log.parquet","hust_7_7.log","0","0",,,,,,,"NA","C:\Users\szoke\Documents\BatteryDegradationAtlas\reports\discovery_run_zenodo_hust_20260203_085437\logs\hust_7_7.log.txt"
"zenodo_hust","hust_7_8.log.parquet","hust_7_8.log","0","0",,,,,,,"NA","C:\Users\szoke\Documents\BatteryDegradationAtlas\reports\discovery_run_zenodo_hust_20260203_085437\logs\hust_7_8.log.txt"
"zenodo_hust","hust_8_1.log.parquet","hust_8_1.log","0","0",,,,,,,"NA","C:\Users\szoke\Documents\BatteryDegradationAtlas\reports\discovery_run_zenodo_hust_20260203_085437\logs\hust_8_1.log.txt"
"zenodo_hust","hust_8_2.log.parquet","hust_8_2.log","0","0",,,,,,,"NA","C:\Users\szoke\Documents\BatteryDegradationAtlas\reports\discovery_run_zenodo_hust_20260203_085437\logs\hust_8_2.log.txt"
"zenodo_hust","hust_8_3.log.parquet","hust_8_3.log","0","0",,,,,,,"NA","C:\Users\szoke\Documents\BatteryDegradationAtlas\reports\discovery_run_zenodo_hust_20260203_085437\logs\hust_8_3.log.txt"
"zenodo_hust","hust_8_4.log.parquet","hust_8_4.log","0","0",,,,,,,"NA","C:\Users\szoke\Documents\BatteryDegradationAtlas\reports\discovery_run_zenodo_hust_20260203_085437\logs\hust_8_4.log.txt"
"zenodo_hust","hust_8_5.log.parquet","hust_8_5.log","0","0",,,,,,,"NA","C:\Users\szoke\Documents\BatteryDegradationAtlas\reports\discovery_run_zenodo_hust_20260203_085437\logs\hust_8_5.log.txt"
"zenodo_hust","hust_8_6.log.parquet","hust_8_6.log","0","0",,,,,,,"NA","C:\Users\szoke\Documents\BatteryDegradationAtlas\reports\discovery_run_zenodo_hust_20260203_085437\logs\hust_8_6.log.txt"
"zenodo_hust","hust_8_7.log.parquet","hust_8_7.log","0","0",,,,,,,"NA","C:\Users\szoke\Documents\BatteryDegradationAtlas\reports\discovery_run_zenodo_hust_20260203_085437\logs\hust_8_7.log.txt"
"zenodo_hust","hust_8_8.log.parquet","hust_8_8.log","0","0",,,,,,,"NA","C:\Users\szoke\Documents\BatteryDegradationAtlas\reports\discovery_run_zenodo_hust_20260203_085437\logs\hust_8_8.log.txt"
"zenodo_hust","hust_9_1.log.parquet","hust_9_1.log","0","0",,,,,,,"NA","C:\Users\szoke\Documents\BatteryDegradationAtlas\reports\discovery_run_zenodo_hust_20260203_085437\logs\hust_9_1.log.txt"
"zenodo_hust","hust_9_2.log.parquet","hust_9_2.log","0","0",,,,,,,"NA","C:\Users\szoke\Documents\BatteryDegradationAtlas\reports\discovery_run_zenodo_hust_20260203_085437\logs\hust_9_2.log.txt"
"zenodo_hust","hust_9_3.log.parquet","hust_9_3.log","0","0",,,,,,,"NA","C:\Users\szoke\Documents\BatteryDegradationAtlas\reports\discovery_run_zenodo_hust_20260203_085437\logs\hust_9_3.log.txt"
"zenodo_hust","hust_9_4.log.parquet","hust_9_4.log","0","0",,,,,,,"NA","C:\Users\szoke\Documents\BatteryDegradationAtlas\reports\discovery_run_zenodo_hust_20260203_085437\logs\hust_9_4.log.txt"
"zenodo_hust","hust_9_5.log.parquet","hust_9_5.log","0","0",,,,,,,"NA","C:\Users\szoke\Documents\BatteryDegradationAtlas\reports\discovery_run_zenodo_hust_20260203_085437\logs\hust_9_5.log.txt"
"zenodo_hust","hust_9_6.log.parquet","hust_9_6.log","0","0",,,,,,,"NA","C:\Users\szoke\Documents\BatteryDegradationAtlas\reports\discovery_run_zenodo_hust_20260203_085437\logs\hust_9_6.log.txt"
"zenodo_hust","hust_9_7.log.parquet","hust_9_7.log","0","0",,,,,,,"NA","C:\Users\szoke\Documents\BatteryDegradationAtlas\reports\discovery_run_zenodo_hust_20260203_085437\logs\hust_9_7.log.txt"
"zenodo_hust","hust_9_8.log.parquet","hust_9_8.log","0","0",,,,,,,"NA","C:\Users\szoke\Documents\BatteryDegradationAtlas\reports\discovery_run_zenodo_hust_20260203_085437\logs\hust_9_8.log.txt"
