"dataset","file","cell_id","exit_code","parse_ok","spearman_r_num","warning_cycle","lead_knee","lead_eol","knee_cycle","eol_cycle_v4","out_base","log_path"
"zenodo_matr","matr_b1c0.log.parquet","matr_b1c0.log","0","0",,,,,,,"NA","C:\Users\szoke\Documents\BatteryDegradationAtlas\reports\discovery_run_zenodo_matr_20260203_091807\logs\matr_b1c0.log.txt"
"zenodo_matr","matr_b1c1.log.parquet","matr_b1c1.log","0","0",,,,,,,"NA","C:\Users\szoke\Documents\BatteryDegradationAtlas\reports\discovery_run_zenodo_matr_20260203_091807\logs\matr_b1c1.log.txt"
"zenodo_matr","matr_b1c11.log.parquet","matr_b1c11.log","0","0",,,,,,,"NA","C:\Users\szoke\Documents\BatteryDegradationAtlas\reports\discovery_run_zenodo_matr_20260203_091807\logs\matr_b1c11.log.txt"
"zenodo_matr","matr_b1c14.log.parquet","matr_b1c14.log","0","0",,,,,,,"NA","C:\Users\szoke\Documents\BatteryDegradationAtlas\reports\discovery_run_zenodo_matr_20260203_091807\logs\matr_b1c14.log.txt"
"zenodo_matr","matr_b1c15.log.parquet","matr_b1c15.log","0","0",,,,,,,"NA","C:\Users\szoke\Documents\BatteryDegradationAtlas\reports\discovery_run_zenodo_matr_20260203_091807\logs\matr_b1c15.log.txt"
"zenodo_matr","matr_b1c16.log.parquet","matr_b1c16.log","0","0",,,,,,,"NA","C:\Users\szoke\Documents\BatteryDegradationAtlas\reports\discovery_run_zenodo_matr_20260203_091807\logs\matr_b1c16.log.txt"
"zenodo_matr","matr_b1c17.log.parquet","matr_b1c17.log","0","0",,,,,,,"NA","C:\Users\szoke\Documents\BatteryDegradationAtlas\reports\discovery_run_zenodo_matr_20260203_091807\logs\matr_b1c17.log.txt"
"zenodo_matr","matr_b1c18.log.parquet","matr_b1c18.log","0","0",,,,,,,"NA","C:\Users\szoke\Documents\BatteryDegradationAtlas\reports\discovery_run_zenodo_matr_20260203_091807\logs\matr_b1c18.log.txt"
"zenodo_matr","matr_b1c19.log.parquet","matr_b1c19.log","0","0",,,,,,,"NA","C:\Users\szoke\Documents\BatteryDegradationAtlas\reports\discovery_run_zenodo_matr_20260203_091807\logs\matr_b1c19.log.txt"
"zenodo_matr","matr_b1c2.log.parquet","matr_b1c2.log","0","0",,,,,,,"NA","C:\Users\szoke\Documents\BatteryDegradationAtlas\reports\discovery_run_zenodo_matr_20260203_091807\logs\matr_b1c2.log.txt"
"zenodo_matr","matr_b1c20.log.parquet","matr_b1c20.log","0","0",,,,,,,"NA","C:\Users\szoke\Documents\BatteryDegradationAtlas\reports\discovery_run_zenodo_matr_20260203_091807\logs\matr_b1c20.log.txt"
"zenodo_matr","matr_b1c21.log.parquet","matr_b1c21.log","0","0",,,,,,,"NA","C:\Users\szoke\Documents\BatteryDegradationAtlas\reports\discovery_run_zenodo_matr_20260203_091807\logs\matr_b1c21.log.txt"
"zenodo_matr","matr_b1c23.log.parquet","matr_b1c23.log","0","0",,,,,,,"NA","C:\Users\szoke\Documents\BatteryDegradationAtlas\reports\discovery_run_zenodo_matr_20260203_091807\logs\matr_b1c23.log.txt"
"zenodo_matr","matr_b1c24.log.parquet","matr_b1c24.log","0","0",,,,,,,"NA","C:\Users\szoke\Documents\BatteryDegradationAtlas\reports\discovery_run_zenodo_matr_20260203_091807\logs\matr_b1c24.log.txt"
"zenodo_matr","matr_b1c25.log.parquet","matr_b1c25.log","0","0",,,,,,,"NA","C:\Users\szoke\Documents\BatteryDegradationAtlas\reports\discovery_run_zenodo_matr_20260203_091807\logs\matr_b1c25.log.txt"
"zenodo_matr","matr_b1c26.log.parquet","matr_b1c26.log","0","0",,,,,,,"NA","C:\Users\szoke\Documents\BatteryDegradationAtlas\reports\discovery_run_zenodo_matr_20260203_091807\logs\matr_b1c26.log.txt"
"zenodo_matr","matr_b1c27.log.parquet","matr_b1c27.log","0","0",,,,,,,"NA","C:\Users\szoke\Documents\BatteryDegradationAtlas\reports\discovery_run_zenodo_matr_20260203_091807\logs\matr_b1c27.log.txt"
"zenodo_matr","matr_b1c28.log.parquet","matr_b1c28.log","0","0",,,,,,,"NA","C:\Users\szoke\Documents\BatteryDegradationAtlas\reports\discovery_run_zenodo_matr_20260203_091807\logs\matr_b1c28.log.txt"
"zenodo_matr","matr_b1c29.log.parquet","matr_b1c29.log","0","0",,,,,,,"NA","C:\Users\szoke\Documents\BatteryDegradationAtlas\reports\discovery_run_zenodo_matr_20260203_091807\logs\matr_b1c29.log.txt"
"zenodo_matr","matr_b1c3.log.parquet","matr_b1c3.log","0","0",,,,,,,"NA","C:\Users\szoke\Documents\BatteryDegradationAtlas\reports\discovery_run_zenodo_matr_20260203_091807\logs\matr_b1c3.log.txt"
"zenodo_matr","matr_b1c30.log.parquet","matr_b1c30.log","0","0",,,,,,,"NA","C:\Users\szoke\Documents\BatteryDegradationAtlas\reports\discovery_run_zenodo_matr_20260203_091807\logs\matr_b1c30.log.txt"
"zenodo_matr","matr_b1c31.log.parquet","matr_b1c31.log","0","0",,,,,,,"NA","C:\Users\szoke\Documents\BatteryDegradationAtlas\reports\discovery_run_zenodo_matr_20260203_091807\logs\matr_b1c31.log.txt"
"zenodo_matr","matr_b1c32.log.parquet","matr_b1c32.log","0","0",,,,,,,"NA","C:\Users\szoke\Documents\BatteryDegradationAtlas\reports\discovery_run_zenodo_matr_20260203_091807\logs\matr_b1c32.log.txt"
"zenodo_matr","matr_b1c33.log.parquet","matr_b1c33.log","0","0",,,,,,,"NA","C:\Users\szoke\Documents\BatteryDegradationAtlas\reports\discovery_run_zenodo_matr_20260203_091807\logs\matr_b1c33.log.txt"
"zenodo_matr","matr_b1c34.log.parquet","matr_b1c34.log","0","0",,,,,,,"NA","C:\Users\szoke\Documents\BatteryDegradationAtlas\reports\discovery_run_zenodo_matr_20260203_091807\logs\matr_b1c34.log.txt"
"zenodo_matr","matr_b1c35.log.parquet","matr_b1c35.log","0","0",,,,,,,"NA","C:\Users\szoke\Documents\BatteryDegradationAtlas\reports\discovery_run_zenodo_matr_20260203_091807\logs\matr_b1c35.log.txt"
"zenodo_matr","matr_b1c36.log.parquet","matr_b1c36.log","0","0",,,,,,,"NA","C:\Users\szoke\Documents\BatteryDegradationAtlas\reports\discovery_run_zenodo_matr_20260203_091807\logs\matr_b1c36.log.txt"
"zenodo_matr","matr_b1c37.log.parquet","matr_b1c37.log","0","0",,,,,,,"NA","C:\Users\szoke\Documents\BatteryDegradationAtlas\reports\discovery_run_zenodo_matr_20260203_091807\logs\matr_b1c37.log.txt"
"zenodo_matr","matr_b1c38.log.parquet","matr_b1c38.log","0","0",,,,,,,"NA","C:\Users\szoke\Documents\BatteryDegradationAtlas\reports\discovery_run_zenodo_matr_20260203_091807\logs\matr_b1c38.log.txt"
"zenodo_matr","matr_b1c39.log.parquet","matr_b1c39.log","0","0",,,,,,,"NA","C:\Users\szoke\Documents\BatteryDegradationAtlas\reports\discovery_run_zenodo_matr_20260203_091807\logs\matr_b1c39.log.txt"
"zenodo_matr","matr_b1c4.log.parquet","matr_b1c4.log","0","0",,,,,,,"NA","C:\Users\szoke\Documents\BatteryDegradationAtlas\reports\discovery_run_zenodo_matr_20260203_091807\logs\matr_b1c4.log.txt"
"zenodo_matr","matr_b1c40.log.parquet","matr_b1c40.log","0","0",,,,,,,"NA","C:\Users\szoke\Documents\BatteryDegradationAtlas\reports\discovery_run_zenodo_matr_20260203_091807\logs\matr_b1c40.log.txt"
"zenodo_matr","matr_b1c41.log.parquet","matr_b1c41.log","0","0",,,,,,,"NA","C:\Users\szoke\Documents\BatteryDegradationAtlas\reports\discovery_run_zenodo_matr_20260203_091807\logs\matr_b1c41.log.txt"
"zenodo_matr","matr_b1c42.log.parquet","matr_b1c42.log","0","0",,,,,,,"NA","C:\Users\szoke\Documents\BatteryDegradationAtlas\reports\discovery_run_zenodo_matr_20260203_091807\logs\matr_b1c42.log.txt"
"zenodo_matr","matr_b1c43.log.parquet","matr_b1c43.log","0","0",,,,,,,"NA","C:\Users\szoke\Documents\BatteryDegradationAtlas\reports\discovery_run_zenodo_matr_20260203_091807\logs\matr_b1c43.log.txt"
"zenodo_matr","matr_b1c44.log.parquet","matr_b1c44.log","0","0",,,,,,,"NA","C:\Users\szoke\Documents\BatteryDegradationAtlas\reports\discovery_run_zenodo_matr_20260203_091807\logs\matr_b1c44.log.txt"
"zenodo_matr","matr_b1c45.log.parquet","matr_b1c45.log","0","0",,,,,,,"NA","C:\Users\szoke\Documents\BatteryDegradationAtlas\reports\discovery_run_zenodo_matr_20260203_091807\logs\matr_b1c45.log.txt"
"zenodo_matr","matr_b1c5.log.parquet","matr_b1c5.log","0","0",,,,,,,"NA","C:\Users\szoke\Documents\BatteryDegradationAtlas\reports\discovery_run_zenodo_matr_20260203_091807\logs\matr_b1c5.log.txt"
"zenodo_matr","matr_b1c6.log.parquet","matr_b1c6.log","0","0",,,,,,,"NA","C:\Users\szoke\Documents\BatteryDegradationAtlas\reports\discovery_run_zenodo_matr_20260203_091807\logs\matr_b1c6.log.txt"
"zenodo_matr","matr_b1c7.log.parquet","matr_b1c7.log","0","0",,,,,,,"NA","C:\Users\szoke\Documents\BatteryDegradationAtlas\reports\discovery_run_zenodo_matr_20260203_091807\logs\matr_b1c7.log.txt"
"zenodo_matr","matr_b1c9.log.parquet","matr_b1c9.log","0","0",,,,,,,"NA","C:\Users\szoke\Documents\BatteryDegradationAtlas\reports\discovery_run_zenodo_matr_20260203_091807\logs\matr_b1c9.log.txt"
"zenodo_matr","matr_b2c0.log.parquet","matr_b2c0.log","0","0",,,,,,,"NA","C:\Users\szoke\Documents\BatteryDegradationAtlas\reports\discovery_run_zenodo_matr_20260203_091807\logs\matr_b2c0.log.txt"
"zenodo_matr","matr_b2c1.log.parquet","matr_b2c1.log","0","0",,,,,,,"NA","C:\Users\szoke\Documents\BatteryDegradationAtlas\reports\discovery_run_zenodo_matr_20260203_091807\logs\matr_b2c1.log.txt"
"zenodo_matr","matr_b2c10.log.parquet","matr_b2c10.log","0","0",,,,,,,"NA","C:\Users\szoke\Documents\BatteryDegradationAtlas\reports\discovery_run_zenodo_matr_20260203_091807\logs\matr_b2c10.log.txt"
"zenodo_matr","matr_b2c11.log.parquet","matr_b2c11.log","0","0",,,,,,,"NA","C:\Users\szoke\Documents\BatteryDegradationAtlas\reports\discovery_run_zenodo_matr_20260203_091807\logs\matr_b2c11.log.txt"
"zenodo_matr","matr_b2c12.log.parquet","matr_b2c12.log","0","0",,,,,,,"NA","C:\Users\szoke\Documents\BatteryDegradationAtlas\reports\discovery_run_zenodo_matr_20260203_091807\logs\matr_b2c12.log.txt"
"zenodo_matr","matr_b2c13.log.parquet","matr_b2c13.log","0","0",,,,,,,"NA","C:\Users\szoke\Documents\BatteryDegradationAtlas\reports\discovery_run_zenodo_matr_20260203_091807\logs\matr_b2c13.log.txt"
"zenodo_matr","matr_b2c14.log.parquet","matr_b2c14.log","0","0",,,,,,,"NA","C:\Users\szoke\Documents\BatteryDegradationAtlas\reports\discovery_run_zenodo_matr_20260203_091807\logs\matr_b2c14.log.txt"
"zenodo_matr","matr_b2c17.log.parquet","matr_b2c17.log","0","0",,,,,,,"NA","C:\Users\szoke\Documents\BatteryDegradationAtlas\reports\discovery_run_zenodo_matr_20260203_091807\logs\matr_b2c17.log.txt"
"zenodo_matr","matr_b2c18.log.parquet","matr_b2c18.log","0","0",,,,,,,"NA","C:\Users\szoke\Documents\BatteryDegradationAtlas\reports\discovery_run_zenodo_matr_20260203_091807\logs\matr_b2c18.log.txt"
"zenodo_matr","matr_b2c19.log.parquet","matr_b2c19.log","0","0",,,,,,,"NA","C:\Users\szoke\Documents\BatteryDegradationAtlas\reports\discovery_run_zenodo_matr_20260203_091807\logs\matr_b2c19.log.txt"
"zenodo_matr","matr_b2c2.log.parquet","matr_b2c2.log","0","0",,,,,,,"NA","C:\Users\szoke\Documents\BatteryDegradationAtlas\reports\discovery_run_zenodo_matr_20260203_091807\logs\matr_b2c2.log.txt"
"zenodo_matr","matr_b2c20.log.parquet","matr_b2c20.log","0","0",,,,,,,"NA","C:\Users\szoke\Documents\BatteryDegradationAtlas\reports\discovery_run_zenodo_matr_20260203_091807\logs\matr_b2c20.log.txt"
"zenodo_matr","matr_b2c21.log.parquet","matr_b2c21.log","0","0",,,,,,,"NA","C:\Users\szoke\Documents\BatteryDegradationAtlas\reports\discovery_run_zenodo_matr_20260203_091807\logs\matr_b2c21.log.txt"
"zenodo_matr","matr_b2c22.log.parquet","matr_b2c22.log","0","0",,,,,,,"NA","C:\Users\szoke\Documents\BatteryDegradationAtlas\reports\discovery_run_zenodo_matr_20260203_091807\logs\matr_b2c22.log.txt"
"zenodo_matr","matr_b2c23.log.parquet","matr_b2c23.log","0","0",,,,,,,"NA","C:\Users\szoke\Documents\BatteryDegradationAtlas\reports\discovery_run_zenodo_matr_20260203_091807\logs\matr_b2c23.log.txt"
"zenodo_matr","matr_b2c24.log.parquet","matr_b2c24.log","0","0",,,,,,,"NA","C:\Users\szoke\Documents\BatteryDegradationAtlas\reports\discovery_run_zenodo_matr_20260203_091807\logs\matr_b2c24.log.txt"
"zenodo_matr","matr_b2c25.log.parquet","matr_b2c25.log","0","0",,,,,,,"NA","C:\Users\szoke\Documents\BatteryDegradationAtlas\reports\discovery_run_zenodo_matr_20260203_091807\logs\matr_b2c25.log.txt"
"zenodo_matr","matr_b2c26.log.parquet","matr_b2c26.log","0","0",,,,,,,"NA","C:\Users\szoke\Documents\BatteryDegradationAtlas\reports\discovery_run_zenodo_matr_20260203_091807\logs\matr_b2c26.log.txt"
"zenodo_matr","matr_b2c27.log.parquet","matr_b2c27.log","0","0",,,,,,,"NA","C:\Users\szoke\Documents\BatteryDegradationAtlas\reports\discovery_run_zenodo_matr_20260203_091807\logs\matr_b2c27.log.txt"
"zenodo_matr","matr_b2c28.log.parquet","matr_b2c28.log","0","0",,,,,,,"NA","C:\Users\szoke\Documents\BatteryDegradationAtlas\reports\discovery_run_zenodo_matr_20260203_091807\logs\matr_b2c28.log.txt"
"zenodo_matr","matr_b2c29.log.parquet","matr_b2c29.log","0","0",,,,,,,"NA","C:\Users\szoke\Documents\BatteryDegradationAtlas\reports\discovery_run_zenodo_matr_20260203_091807\logs\matr_b2c29.log.txt"
"zenodo_matr","matr_b2c3.log.parquet","matr_b2c3.log","0","0",,,,,,,"NA","C:\Users\szoke\Documents\BatteryDegradationAtlas\reports\discovery_run_zenodo_matr_20260203_091807\logs\matr_b2c3.log.txt"
"zenodo_matr","matr_b2c30.log.parquet","matr_b2c30.log","0","0",,,,,,,"NA","C:\Users\szoke\Documents\BatteryDegradationAtlas\reports\discovery_run_zenodo_matr_20260203_091807\logs\matr_b2c30.log.txt"
"zenodo_matr","matr_b2c31.log.parquet","matr_b2c31.log","0","0",,,,,,,"NA","C:\Users\szoke\Documents\BatteryDegradationAtlas\reports\discovery_run_zenodo_matr_20260203_091807\logs\matr_b2c31.log.txt"
"zenodo_matr","matr_b2c32.log.parquet","matr_b2c32.log","0","0",,,,,,,"NA","C:\Users\szoke\Documents\BatteryDegradationAtlas\reports\discovery_run_zenodo_matr_20260203_091807\logs\matr_b2c32.log.txt"
"zenodo_matr","matr_b2c33.log.parquet","matr_b2c33.log","0","0",,,,,,,"NA","C:\Users\szoke\Documents\BatteryDegradationAtlas\reports\discovery_run_zenodo_matr_20260203_091807\logs\matr_b2c33.log.txt"
"zenodo_matr","matr_b2c34.log.parquet","matr_b2c34.log","0","0",,,,,,,"NA","C:\Users\szoke\Documents\BatteryDegradationAtlas\reports\discovery_run_zenodo_matr_20260203_091807\logs\matr_b2c34.log.txt"
"zenodo_matr","matr_b2c35.log.parquet","matr_b2c35.log","0","0",,,,,,,"NA","C:\Users\szoke\Documents\BatteryDegradationAtlas\reports\discovery_run_zenodo_matr_20260203_091807\logs\matr_b2c35.log.txt"
"zenodo_matr","matr_b2c36.log.parquet","matr_b2c36.log","0","0",,,,,,,"NA","C:\Users\szoke\Documents\BatteryDegradationAtlas\reports\discovery_run_zenodo_matr_20260203_091807\logs\matr_b2c36.log.txt"
"zenodo_matr","matr_b2c37.log.parquet","matr_b2c37.log","0","0",,,,,,,"NA","C:\Users\szoke\Documents\BatteryDegradationAtlas\reports\discovery_run_zenodo_matr_20260203_091807\logs\matr_b2c37.log.txt"
"zenodo_matr","matr_b2c38.log.parquet","matr_b2c38.log","0","0",,,,,,,"NA","C:\Users\szoke\Documents\BatteryDegradationAtlas\reports\discovery_run_zenodo_matr_20260203_091807\logs\matr_b2c38.log.txt"
"zenodo_matr","matr_b2c39.log.parquet","matr_b2c39.log","0","0",,,,,,,"NA","C:\Users\szoke\Documents\BatteryDegradationAtlas\reports\discovery_run_zenodo_matr_20260203_091807\logs\matr_b2c39.log.txt"
"zenodo_matr","matr_b2c4.log.parquet","matr_b2c4.log","0","0",,,,,,,"NA","C:\Users\szoke\Documents\BatteryDegradationAtlas\reports\discovery_run_zenodo_matr_20260203_091807\logs\matr_b2c4.log.txt"
"zenodo_matr","matr_b2c40.log.parquet","matr_b2c40.log","0","0",,,,,,,"NA","C:\Users\szoke\Documents\BatteryDegradationAtlas\reports\discovery_run_zenodo_matr_20260203_091807\logs\matr_b2c40.log.txt"
"zenodo_matr","matr_b2c41.log.parquet","matr_b2c41.log","0","0",,,,,,,"NA","C:\Users\szoke\Documents\BatteryDegradationAtlas\reports\discovery_run_zenodo_matr_20260203_091807\logs\matr_b2c41.log.txt"
"zenodo_matr","matr_b2c42.log.parquet","matr_b2c42.log","0","0",,,,,,,"NA","C:\Users\szoke\Documents\BatteryDegradationAtlas\reports\discovery_run_zenodo_matr_20260203_091807\logs\matr_b2c42.log.txt"
"zenodo_matr","matr_b2c43.log.parquet","matr_b2c43.log","0","0",,,,,,,"NA","C:\Users\szoke\Documents\BatteryDegradationAtlas\reports\discovery_run_zenodo_matr_20260203_091807\logs\matr_b2c43.log.txt"
"zenodo_matr","matr_b2c44.log.parquet","matr_b2c44.log","0","0",,,,,,,"NA","C:\Users\szoke\Documents\BatteryDegradationAtlas\reports\discovery_run_zenodo_matr_20260203_091807\logs\matr_b2c44.log.txt"
"zenodo_matr","matr_b2c45.log.parquet","matr_b2c45.log","0","0",,,,,,,"NA","C:\Users\szoke\Documents\BatteryDegradationAtlas\reports\discovery_run_zenodo_matr_20260203_091807\logs\matr_b2c45.log.txt"
"zenodo_matr","matr_b2c46.log.parquet","matr_b2c46.log","0","0",,,,,,,"NA","C:\Users\szoke\Documents\BatteryDegradationAtlas\reports\discovery_run_zenodo_matr_20260203_091807\logs\matr_b2c46.log.txt"
"zenodo_matr","matr_b2c47.log.parquet","matr_b2c47.log","0","0",,,,,,,"NA","C:\Users\szoke\Documents\BatteryDegradationAtlas\reports\discovery_run_zenodo_matr_20260203_091807\logs\matr_b2c47.log.txt"
"zenodo_matr","matr_b2c5.log.parquet","matr_b2c5.log","0","0",,,,,,,"NA","C:\Users\szoke\Documents\BatteryDegradationAtlas\reports\discovery_run_zenodo_matr_20260203_091807\logs\matr_b2c5.log.txt"
"zenodo_matr","matr_b2c6.log.parquet","matr_b2c6.log","0","0",,,,,,,"NA","C:\Users\szoke\Documents\BatteryDegradationAtlas\reports\discovery_run_zenodo_matr_20260203_091807\logs\matr_b2c6.log.txt"
"zenodo_matr","matr_b3c0.log.parquet","matr_b3c0.log","0","0",,,,,,,"NA","C:\Users\szoke\Documents\BatteryDegradationAtlas\reports\discovery_run_zenodo_matr_20260203_091807\logs\matr_b3c0.log.txt"
"zenodo_matr","matr_b3c1.log.parquet","matr_b3c1.log","0","0",,,,,,,"NA","C:\Users\szoke\Documents\BatteryDegradationAtlas\reports\discovery_run_zenodo_matr_20260203_091807\logs\matr_b3c1.log.txt"
"zenodo_matr","matr_b3c10.log.parquet","matr_b3c10.log","0","0",,,,,,,"NA","C:\Users\szoke\Documents\BatteryDegradationAtlas\reports\discovery_run_zenodo_matr_20260203_091807\logs\matr_b3c10.log.txt"
"zenodo_matr","matr_b3c11.log.parquet","matr_b3c11.log","0","0",,,,,,,"NA","C:\Users\szoke\Documents\BatteryDegradationAtlas\reports\discovery_run_zenodo_matr_20260203_091807\logs\matr_b3c11.log.txt"
"zenodo_matr","matr_b3c12.log.parquet","matr_b3c12.log","0","0",,,,,,,"NA","C:\Users\szoke\Documents\BatteryDegradationAtlas\reports\discovery_run_zenodo_matr_20260203_091807\logs\matr_b3c12.log.txt"
"zenodo_matr","matr_b3c13.log.parquet","matr_b3c13.log","0","0",,,,,,,"NA","C:\Users\szoke\Documents\BatteryDegradationAtlas\reports\discovery_run_zenodo_matr_20260203_091807\logs\matr_b3c13.log.txt"
"zenodo_matr","matr_b3c14.log.parquet","matr_b3c14.log","0","0",,,,,,,"NA","C:\Users\szoke\Documents\BatteryDegradationAtlas\reports\discovery_run_zenodo_matr_20260203_091807\logs\matr_b3c14.log.txt"
"zenodo_matr","matr_b3c15.log.parquet","matr_b3c15.log","0","0",,,,,,,"NA","C:\Users\szoke\Documents\BatteryDegradationAtlas\reports\discovery_run_zenodo_matr_20260203_091807\logs\matr_b3c15.log.txt"
"zenodo_matr","matr_b3c16.log.parquet","matr_b3c16.log","0","0",,,,,,,"NA","C:\Users\szoke\Documents\BatteryDegradationAtlas\reports\discovery_run_zenodo_matr_20260203_091807\logs\matr_b3c16.log.txt"
"zenodo_matr","matr_b3c17.log.parquet","matr_b3c17.log","0","0",,,,,,,"NA","C:\Users\szoke\Documents\BatteryDegradationAtlas\reports\discovery_run_zenodo_matr_20260203_091807\logs\matr_b3c17.log.txt"
"zenodo_matr","matr_b3c18.log.parquet","matr_b3c18.log","0","0",,,,,,,"NA","C:\Users\szoke\Documents\BatteryDegradationAtlas\reports\discovery_run_zenodo_matr_20260203_091807\logs\matr_b3c18.log.txt"
"zenodo_matr","matr_b3c19.log.parquet","matr_b3c19.log","0","0",,,,,,,"NA","C:\Users\szoke\Documents\BatteryDegradationAtlas\reports\discovery_run_zenodo_matr_20260203_091807\logs\matr_b3c19.log.txt"
"zenodo_matr","matr_b3c20.log.parquet","matr_b3c20.log","0","0",,,,,,,"NA","C:\Users\szoke\Documents\BatteryDegradationAtlas\reports\discovery_run_zenodo_matr_20260203_091807\logs\matr_b3c20.log.txt"
"zenodo_matr","matr_b3c21.log.parquet","matr_b3c21.log","0","0",,,,,,,"NA","C:\Users\szoke\Documents\BatteryDegradationAtlas\reports\discovery_run_zenodo_matr_20260203_091807\logs\matr_b3c21.log.txt"
"zenodo_matr","matr_b3c22.log.parquet","matr_b3c22.log","0","0",,,,,,,"NA","C:\Users\szoke\Documents\BatteryDegradationAtlas\reports\discovery_run_zenodo_matr_20260203_091807\logs\matr_b3c22.log.txt"
"zenodo_matr","matr_b3c24.log.parquet","matr_b3c24.log","0","0",,,,,,,"NA","C:\Users\szoke\Documents\BatteryDegradationAtlas\reports\discovery_run_zenodo_matr_20260203_091807\logs\matr_b3c24.log.txt"
"zenodo_matr","matr_b3c25.log.parquet","matr_b3c25.log","0","0",,,,,,,"NA","C:\Users\szoke\Documents\BatteryDegradationAtlas\reports\discovery_run_zenodo_matr_20260203_091807\logs\matr_b3c25.log.txt"
"zenodo_matr","matr_b3c26.log.parquet","matr_b3c26.log","0","0",,,,,,,"NA","C:\Users\szoke\Documents\BatteryDegradationAtlas\reports\discovery_run_zenodo_matr_20260203_091807\logs\matr_b3c26.log.txt"
"zenodo_matr","matr_b3c27.log.parquet","matr_b3c27.log","0","0",,,,,,,"NA","C:\Users\szoke\Documents\BatteryDegradationAtlas\reports\discovery_run_zenodo_matr_20260203_091807\logs\matr_b3c27.log.txt"
"zenodo_matr","matr_b3c28.log.parquet","matr_b3c28.log","0","0",,,,,,,"NA","C:\Users\szoke\Documents\BatteryDegradationAtlas\reports\discovery_run_zenodo_matr_20260203_091807\logs\matr_b3c28.log.txt"
"zenodo_matr","matr_b3c29.log.parquet","matr_b3c29.log","0","0",,,,,,,"NA","C:\Users\szoke\Documents\BatteryDegradationAtlas\reports\discovery_run_zenodo_matr_20260203_091807\logs\matr_b3c29.log.txt"
"zenodo_matr","matr_b3c3.log.parquet","matr_b3c3.log","0","0",,,,,,,"NA","C:\Users\szoke\Documents\BatteryDegradationAtlas\reports\discovery_run_zenodo_matr_20260203_091807\logs\matr_b3c3.log.txt"
"zenodo_matr","matr_b3c30.log.parquet","matr_b3c30.log","0","0",,,,,,,"NA","C:\Users\szoke\Documents\BatteryDegradationAtlas\reports\discovery_run_zenodo_matr_20260203_091807\logs\matr_b3c30.log.txt"
"zenodo_matr","matr_b3c31.log.parquet","matr_b3c31.log","0","0",,,,,,,"NA","C:\Users\szoke\Documents\BatteryDegradationAtlas\reports\discovery_run_zenodo_matr_20260203_091807\logs\matr_b3c31.log.txt"
"zenodo_matr","matr_b3c33.log.parquet","matr_b3c33.log","0","0",,,,,,,"NA","C:\Users\szoke\Documents\BatteryDegradationAtlas\reports\discovery_run_zenodo_matr_20260203_091807\logs\matr_b3c33.log.txt"
"zenodo_matr","matr_b3c34.log.parquet","matr_b3c34.log","0","0",,,,,,,"NA","C:\Users\szoke\Documents\BatteryDegradationAtlas\reports\discovery_run_zenodo_matr_20260203_091807\logs\matr_b3c34.log.txt"
"zenodo_matr","matr_b3c35.log.parquet","matr_b3c35.log","0","0",,,,,,,"NA","C:\Users\szoke\Documents\BatteryDegradationAtlas\reports\discovery_run_zenodo_matr_20260203_091807\logs\matr_b3c35.log.txt"
"zenodo_matr","matr_b3c36.log.parquet","matr_b3c36.log","0","0",,,,,,,"NA","C:\Users\szoke\Documents\BatteryDegradationAtlas\reports\discovery_run_zenodo_matr_20260203_091807\logs\matr_b3c36.log.txt"
"zenodo_matr","matr_b3c38.log.parquet","matr_b3c38.log","0","0",,,,,,,"NA","C:\Users\szoke\Documents\BatteryDegradationAtlas\reports\discovery_run_zenodo_matr_20260203_091807\logs\matr_b3c38.log.txt"
"zenodo_matr","matr_b3c39.log.parquet","matr_b3c39.log","0","0",,,,,,,"NA","C:\Users\szoke\Documents\BatteryDegradationAtlas\reports\discovery_run_zenodo_matr_20260203_091807\logs\matr_b3c39.log.txt"
"zenodo_matr","matr_b3c4.log.parquet","matr_b3c4.log","0","0",,,,,,,"NA","C:\Users\szoke\Documents\BatteryDegradationAtlas\reports\discovery_run_zenodo_matr_20260203_091807\logs\matr_b3c4.log.txt"
"zenodo_matr","matr_b3c40.log.parquet","matr_b3c40.log","0","0",,,,,,,"NA","C:\Users\szoke\Documents\BatteryDegradationAtlas\reports\discovery_run_zenodo_matr_20260203_091807\logs\matr_b3c40.log.txt"
"zenodo_matr","matr_b3c41.log.parquet","matr_b3c41.log","0","0",,,,,,,"NA","C:\Users\szoke\Documents\BatteryDegradationAtlas\reports\discovery_run_zenodo_matr_20260203_091807\logs\matr_b3c41.log.txt"
"zenodo_matr","matr_b3c44.log.parquet","matr_b3c44.log","0","0",,,,,,,"NA","C:\Users\szoke\Documents\BatteryDegradationAtlas\reports\discovery_run_zenodo_matr_20260203_091807\logs\matr_b3c44.log.txt"
"zenodo_matr","matr_b3c45.log.parquet","matr_b3c45.log","0","0",,,,,,,"NA","C:\Users\szoke\Documents\BatteryDegradationAtlas\reports\discovery_run_zenodo_matr_20260203_091807\logs\matr_b3c45.log.txt"
"zenodo_matr","matr_b3c5.log.parquet","matr_b3c5.log","0","0",,,,,,,"NA","C:\Users\szoke\Documents\BatteryDegradationAtlas\reports\discovery_run_zenodo_matr_20260203_091807\logs\matr_b3c5.log.txt"
"zenodo_matr","matr_b3c6.log.parquet","matr_b3c6.log","0","0",,,,,,,"NA","C:\Users\szoke\Documents\BatteryDegradationAtlas\reports\discovery_run_zenodo_matr_20260203_091807\logs\matr_b3c6.log.txt"
"zenodo_matr","matr_b3c7.log.parquet","matr_b3c7.log","0","0",,,,,,,"NA","C:\Users\szoke\Documents\BatteryDegradationAtlas\reports\discovery_run_zenodo_matr_20260203_091807\logs\matr_b3c7.log.txt"
"zenodo_matr","matr_b3c8.log.parquet","matr_b3c8.log","0","0",,,,,,,"NA","C:\Users\szoke\Documents\BatteryDegradationAtlas\reports\discovery_run_zenodo_matr_20260203_091807\logs\matr_b3c8.log.txt"
"zenodo_matr","matr_b3c9.log.parquet","matr_b3c9.log","0","0",,,,,,,"NA","C:\Users\szoke\Documents\BatteryDegradationAtlas\reports\discovery_run_zenodo_matr_20260203_091807\logs\matr_b3c9.log.txt"
"zenodo_matr","matr_b4c0.log.parquet","matr_b4c0.log","0","0",,,,,,,"NA","C:\Users\szoke\Documents\BatteryDegradationAtlas\reports\discovery_run_zenodo_matr_20260203_091807\logs\matr_b4c0.log.txt"
"zenodo_matr","matr_b4c1.log.parquet","matr_b4c1.log","0","0",,,,,,,"NA","C:\Users\szoke\Documents\BatteryDegradationAtlas\reports\discovery_run_zenodo_matr_20260203_091807\logs\matr_b4c1.log.txt"
"zenodo_matr","matr_b4c10.log.parquet","matr_b4c10.log","0","0",,,,,,,"NA","C:\Users\szoke\Documents\BatteryDegradationAtlas\reports\discovery_run_zenodo_matr_20260203_091807\logs\matr_b4c10.log.txt"
"zenodo_matr","matr_b4c11.log.parquet","matr_b4c11.log","0","0",,,,,,,"NA","C:\Users\szoke\Documents\BatteryDegradationAtlas\reports\discovery_run_zenodo_matr_20260203_091807\logs\matr_b4c11.log.txt"
"zenodo_matr","matr_b4c12.log.parquet","matr_b4c12.log","0","0",,,,,,,"NA","C:\Users\szoke\Documents\BatteryDegradationAtlas\reports\discovery_run_zenodo_matr_20260203_091807\logs\matr_b4c12.log.txt"
"zenodo_matr","matr_b4c13.log.parquet","matr_b4c13.log","0","0",,,,,,,"NA","C:\Users\szoke\Documents\BatteryDegradationAtlas\reports\discovery_run_zenodo_matr_20260203_091807\logs\matr_b4c13.log.txt"
"zenodo_matr","matr_b4c14.log.parquet","matr_b4c14.log","0","0",,,,,,,"NA","C:\Users\szoke\Documents\BatteryDegradationAtlas\reports\discovery_run_zenodo_matr_20260203_091807\logs\matr_b4c14.log.txt"
"zenodo_matr","matr_b4c15.log.parquet","matr_b4c15.log","0","0",,,,,,,"NA","C:\Users\szoke\Documents\BatteryDegradationAtlas\reports\discovery_run_zenodo_matr_20260203_091807\logs\matr_b4c15.log.txt"
"zenodo_matr","matr_b4c16.log.parquet","matr_b4c16.log","0","0",,,,,,,"NA","C:\Users\szoke\Documents\BatteryDegradationAtlas\reports\discovery_run_zenodo_matr_20260203_091807\logs\matr_b4c16.log.txt"
"zenodo_matr","matr_b4c17.log.parquet","matr_b4c17.log","0","0",,,,,,,"NA","C:\Users\szoke\Documents\BatteryDegradationAtlas\reports\discovery_run_zenodo_matr_20260203_091807\logs\matr_b4c17.log.txt"
"zenodo_matr","matr_b4c18.log.parquet","matr_b4c18.log","0","0",,,,,,,"NA","C:\Users\szoke\Documents\BatteryDegradationAtlas\reports\discovery_run_zenodo_matr_20260203_091807\logs\matr_b4c18.log.txt"
"zenodo_matr","matr_b4c19.log.parquet","matr_b4c19.log","0","0",,,,,,,"NA","C:\Users\szoke\Documents\BatteryDegradationAtlas\reports\discovery_run_zenodo_matr_20260203_091807\logs\matr_b4c19.log.txt"
"zenodo_matr","matr_b4c2.log.parquet","matr_b4c2.log","0","0",,,,,,,"NA","C:\Users\szoke\Documents\BatteryDegradationAtlas\reports\discovery_run_zenodo_matr_20260203_091807\logs\matr_b4c2.log.txt"
"zenodo_matr","matr_b4c20.log.parquet","matr_b4c20.log","0","0",,,,,,,"NA","C:\Users\szoke\Documents\BatteryDegradationAtlas\reports\discovery_run_zenodo_matr_20260203_091807\logs\matr_b4c20.log.txt"
"zenodo_matr","matr_b4c21.log.parquet","matr_b4c21.log","0","0",,,,,,,"NA","C:\Users\szoke\Documents\BatteryDegradationAtlas\reports\discovery_run_zenodo_matr_20260203_091807\logs\matr_b4c21.log.txt"
"zenodo_matr","matr_b4c22.log.parquet","matr_b4c22.log","0","0",,,,,,,"NA","C:\Users\szoke\Documents\BatteryDegradationAtlas\reports\discovery_run_zenodo_matr_20260203_091807\logs\matr_b4c22.log.txt"
"zenodo_matr","matr_b4c23.log.parquet","matr_b4c23.log","0","0",,,,,,,"NA","C:\Users\szoke\Documents\BatteryDegradationAtlas\reports\discovery_run_zenodo_matr_20260203_091807\logs\matr_b4c23.log.txt"
"zenodo_matr","matr_b4c24.log.parquet","matr_b4c24.log","0","0",,,,,,,"NA","C:\Users\szoke\Documents\BatteryDegradationAtlas\reports\discovery_run_zenodo_matr_20260203_091807\logs\matr_b4c24.log.txt"
"zenodo_matr","matr_b4c25.log.parquet","matr_b4c25.log","0","0",,,,,,,"NA","C:\Users\szoke\Documents\BatteryDegradationAtlas\reports\discovery_run_zenodo_matr_20260203_091807\logs\matr_b4c25.log.txt"
"zenodo_matr","matr_b4c26.log.parquet","matr_b4c26.log","0","0",,,,,,,"NA","C:\Users\szoke\Documents\BatteryDegradationAtlas\reports\discovery_run_zenodo_matr_20260203_091807\logs\matr_b4c26.log.txt"
"zenodo_matr","matr_b4c27.log.parquet","matr_b4c27.log","0","0",,,,,,,"NA","C:\Users\szoke\Documents\BatteryDegradationAtlas\reports\discovery_run_zenodo_matr_20260203_091807\logs\matr_b4c27.log.txt"
"zenodo_matr","matr_b4c28.log.parquet","matr_b4c28.log","0","0",,,,,,,"NA","C:\Users\szoke\Documents\BatteryDegradationAtlas\reports\discovery_run_zenodo_matr_20260203_091807\logs\matr_b4c28.log.txt"
"zenodo_matr","matr_b4c29.log.parquet","matr_b4c29.log","0","0",,,,,,,"NA","C:\Users\szoke\Documents\BatteryDegradationAtlas\reports\discovery_run_zenodo_matr_20260203_091807\logs\matr_b4c29.log.txt"
"zenodo_matr","matr_b4c3.log.parquet","matr_b4c3.log","0","0",,,,,,,"NA","C:\Users\szoke\Documents\BatteryDegradationAtlas\reports\discovery_run_zenodo_matr_20260203_091807\logs\matr_b4c3.log.txt"
"zenodo_matr","matr_b4c30.log.parquet","matr_b4c30.log","0","0",,,,,,,"NA","C:\Users\szoke\Documents\BatteryDegradationAtlas\reports\discovery_run_zenodo_matr_20260203_091807\logs\matr_b4c30.log.txt"
"zenodo_matr","matr_b4c31.log.parquet","matr_b4c31.log","0","0",,,,,,,"NA","C:\Users\szoke\Documents\BatteryDegradationAtlas\reports\discovery_run_zenodo_matr_20260203_091807\logs\matr_b4c31.log.txt"
"zenodo_matr","matr_b4c32.log.parquet","matr_b4c32.log","0","0",,,,,,,"NA","C:\Users\szoke\Documents\BatteryDegradationAtlas\reports\discovery_run_zenodo_matr_20260203_091807\logs\matr_b4c32.log.txt"
"zenodo_matr","matr_b4c33.log.parquet","matr_b4c33.log","0","0",,,,,,,"NA","C:\Users\szoke\Documents\BatteryDegradationAtlas\reports\discovery_run_zenodo_matr_20260203_091807\logs\matr_b4c33.log.txt"
"zenodo_matr","matr_b4c34.log.parquet","matr_b4c34.log","0","0",,,,,,,"NA","C:\Users\szoke\Documents\BatteryDegradationAtlas\reports\discovery_run_zenodo_matr_20260203_091807\logs\matr_b4c34.log.txt"
"zenodo_matr","matr_b4c35.log.parquet","matr_b4c35.log","0","0",,,,,,,"NA","C:\Users\szoke\Documents\BatteryDegradationAtlas\reports\discovery_run_zenodo_matr_20260203_091807\logs\matr_b4c35.log.txt"
"zenodo_matr","matr_b4c36.log.parquet","matr_b4c36.log","0","0",,,,,,,"NA","C:\Users\szoke\Documents\BatteryDegradationAtlas\reports\discovery_run_zenodo_matr_20260203_091807\logs\matr_b4c36.log.txt"
"zenodo_matr","matr_b4c37.log.parquet","matr_b4c37.log","0","0",,,,,,,"NA","C:\Users\szoke\Documents\BatteryDegradationAtlas\reports\discovery_run_zenodo_matr_20260203_091807\logs\matr_b4c37.log.txt"
"zenodo_matr","matr_b4c38.log.parquet","matr_b4c38.log","0","0",,,,,,,"NA","C:\Users\szoke\Documents\BatteryDegradationAtlas\reports\discovery_run_zenodo_matr_20260203_091807\logs\matr_b4c38.log.txt"
"zenodo_matr","matr_b4c39.log.parquet","matr_b4c39.log","0","0",,,,,,,"NA","C:\Users\szoke\Documents\BatteryDegradationAtlas\reports\discovery_run_zenodo_matr_20260203_091807\logs\matr_b4c39.log.txt"
"zenodo_matr","matr_b4c4.log.parquet","matr_b4c4.log","0","0",,,,,,,"NA","C:\Users\szoke\Documents\BatteryDegradationAtlas\reports\discovery_run_zenodo_matr_20260203_091807\logs\matr_b4c4.log.txt"
"zenodo_matr","matr_b4c40.log.parquet","matr_b4c40.log","0","0",,,,,,,"NA","C:\Users\szoke\Documents\BatteryDegradationAtlas\reports\discovery_run_zenodo_matr_20260203_091807\logs\matr_b4c40.log.txt"
"zenodo_matr","matr_b4c41.log.parquet","matr_b4c41.log","0","0",,,,,,,"NA","C:\Users\szoke\Documents\BatteryDegradationAtlas\reports\discovery_run_zenodo_matr_20260203_091807\logs\matr_b4c41.log.txt"
"zenodo_matr","matr_b4c42.log.parquet","matr_b4c42.log","0","0",,,,,,,"NA","C:\Users\szoke\Documents\BatteryDegradationAtlas\reports\discovery_run_zenodo_matr_20260203_091807\logs\matr_b4c42.log.txt"
"zenodo_matr","matr_b4c43.log.parquet","matr_b4c43.log","0","0",,,,,,,"NA","C:\Users\szoke\Documents\BatteryDegradationAtlas\reports\discovery_run_zenodo_matr_20260203_091807\logs\matr_b4c43.log.txt"
"zenodo_matr","matr_b4c44.log.parquet","matr_b4c44.log","0","0",,,,,,,"NA","C:\Users\szoke\Documents\BatteryDegradationAtlas\reports\discovery_run_zenodo_matr_20260203_091807\logs\matr_b4c44.log.txt"
"zenodo_matr","matr_b4c5.log.parquet","matr_b4c5.log","0","0",,,,,,,"NA","C:\Users\szoke\Documents\BatteryDegradationAtlas\reports\discovery_run_zenodo_matr_20260203_091807\logs\matr_b4c5.log.txt"
"zenodo_matr","matr_b4c6.log.parquet","matr_b4c6.log","0","0",,,,,,,"NA","C:\Users\szoke\Documents\BatteryDegradationAtlas\reports\discovery_run_zenodo_matr_20260203_091807\logs\matr_b4c6.log.txt"
"zenodo_matr","matr_b4c7.log.parquet","matr_b4c7.log","0","0",,,,,,,"NA","C:\Users\szoke\Documents\BatteryDegradationAtlas\reports\discovery_run_zenodo_matr_20260203_091807\logs\matr_b4c7.log.txt"
"zenodo_matr","matr_b4c8.log.parquet","matr_b4c8.log","0","0",,,,,,,"NA","C:\Users\szoke\Documents\BatteryDegradationAtlas\reports\discovery_run_zenodo_matr_20260203_091807\logs\matr_b4c8.log.txt"
"zenodo_matr","matr_b4c9.log.parquet","matr_b4c9.log","0","0",,,,,,,"NA","C:\Users\szoke\Documents\BatteryDegradationAtlas\reports\discovery_run_zenodo_matr_20260203_091807\logs\matr_b4c9.log.txt"
