"dataset","parq_v4","run_log_files","run_err_files","best_absrho","best_id","best_log","error_signature"
"_diagnostics","0","1","0","","","",""
"_smoke","0","5","0","0.267","CALB_0_B188 horizon=220 n_points=300 k_opt=4 v_range=[2.000,3.500]","C:\Users\szoke\Documents\BatteryDegradationAtlas\data\processed\within_cell_ic_v4\_runs\_smoke\smoke_x_batterylife_calb_CALB_0_B188_20260106_221644.txt",""
"batterylife_xjtu","0","0","0","","","",""
"calce","13","126","69","0.481","B0054 horizon=25 n_points=200 k_opt=3 v_range=[2.246,3.764]","C:\Users\szoke\Documents\BatteryDegradationAtlas\data\processed\within_cell_ic_v4\_runs\calce\_logs_20260104_234903\01_CALCE_CS2_33.log.txt","[v4] Need voltage_V and capacity_Ah. Found: ['time_s', 'voltage_V', 'current_A', 'charge_capacity_Ah', 'discharge_capacity_Ah', 'temperature_C', 'internal_resistance_ohm', 'cell_id', 'cycle_index', 'voltage', 'capacity', 'current', 'cycle']"
"legacy_interim","0","116","0","0.267","2017-05-12_6C-50per_3_6C_CH36__NULL_icshuffle_s017 horizon=100 n_points=300 k_opt=4 v_range=[2.000,3.500]","C:\Users\szoke\Documents\BatteryDegradationAtlas\data\processed\within_cell_ic_v4\_runs\legacy_interim\_logs_20260105_223210\0017_2017-05-12_6C-50per_3_6C_CH36__NULL_icshuffle_s017.log.txt",""
"legacy_interim_v4","0","5","0","0.267","2017-05-12_6C-50per_3_6C_CH36__NULL_icshuffle_s035 horizon=100 n_points=300 k_opt=4 v_range=[2.000,3.500]","C:\Users\szoke\Documents\BatteryDegradationAtlas\data\processed\within_cell_ic_v4\_runs\legacy_interim_v4\_logs_20260106_000332\0005_2017-05-12_6C-50per_3_6C_CH36__NULL_icshuffle_s035.log.txt",""
"legacy_interim_v4_real","0","60","0","0.267","2017-05-12_6C-50per_3_6C_CH36 horizon=100 n_points=300 k_opt=4 v_range=[2.000,3.500]","C:\Users\szoke\Documents\BatteryDegradationAtlas\data\processed\within_cell_ic_v4\_runs\legacy_interim_v4_real\_logs_20260106_121750\0017_2017-05-12_6C-50per_3_6C_CH36.log.txt",""
"legacy_interim_v4_real_icfriendly","0","124","2","0.267","2017-05-12_6C-50per_3_6C_CH36 horizon=100 n_points=300 k_opt=4 v_range=[2.000,3.500]","C:\Users\szoke\Documents\BatteryDegradationAtlas\data\processed\within_cell_ic_v4\_runs\legacy_interim_v4_real_icfriendly\_logs_20260106_125204\0018_2017-05-12_6C-50per_3_6C_CH36.log.txt","Traceback (most recent call last):"
"nasa","0","814","0","0.561","B0033 horizon=25 n_points=300 k_opt=4 v_range=[2.565,4.058]","C:\Users\szoke\Documents\BatteryDegradationAtlas\data\processed\within_cell_ic_v4\_runs\nasa\B0033\H25_N300_WQ0.90_0a0649c9dce5\rerun_incomplete_v4.log",""
"nasa_pcoe","0","0","0","","","",""
"sev","0","1250","0","","","",""
"Severson-et-al","0","79","0","","","",""
"x_batterylife_calb","27","457","27","0.267","CALB_45_B256 horizon=100 n_points=300 k_opt=4 v_range=[2.000,3.500]","C:\Users\szoke\Documents\BatteryDegradationAtlas\data\processed\within_cell_ic_v4\_runs\x_batterylife_calb\_logs_20260107_114908\CALB_45_B256.log.txt","Traceback (most recent call last):"
"x_batterylife_ulpur","10","136","10","0.267","UL-PUR_N20-OV1_18650_NCA_23C_0-100_0.5-0.5C_a horizon=100 n_points=300 k_opt=4 v_range=[2.000,3.500]","C:\Users\szoke\Documents\BatteryDegradationAtlas\data\processed\within_cell_ic_v4\_runs\x_batterylife_ulpur\_logs_20260107_115307\UL-PUR_N20-OV1_18650_NCA_23C_0-100_0.5-0.5C_a.log.txt","Traceback (most recent call last):"
"zenodo_calce","13","13","13","","","","[v4] Need voltage_V and capacity_Ah. Found: ['cycle_number', 'current_in_A', 'voltage_in_V', 'charge_capacity_in_Ah', 'discharge_capacity_in_Ah', 'time_in_s', 'cycle_index', 'voltage', 'capacity', 'current', 'cycle']"
"zenodo_hnei","14","14","14","","","","[v4] Need voltage_V and capacity_Ah. Found: ['cycle_number', 'current_in_A', 'voltage_in_V', 'charge_capacity_in_Ah', 'discharge_capacity_in_Ah', 'time_in_s', 'temperature_in_C', 'cycle_index', 'voltage', 'capacity', 'current', 'cycle']"
"zenodo_hust","77","50","50","","","","[v4] Need voltage_V and capacity_Ah. Found: ['cycle_number', 'current_in_A', 'voltage_in_V', 'charge_capacity_in_Ah', 'discharge_capacity_in_Ah', 'time_in_s', 'cycle_index', 'voltage', 'capacity', 'current', 'cycle']"
"zenodo_isu_ilcc","240","50","50","","","","[v4] Need voltage_V and capacity_Ah. Found: ['cycle_number', 'current_in_A', 'voltage_in_V', 'charge_capacity_in_Ah', 'discharge_capacity_in_Ah', 'time_in_s', 'cycle_index', 'voltage', 'capacity', 'current', 'cycle']"
"zenodo_matr","169","50","50","","","","[v4] Need voltage_V and capacity_Ah. Found: ['cycle_number', 'current_in_A', 'voltage_in_V', 'charge_capacity_in_Ah', 'discharge_capacity_in_Ah', 'time_in_s', 'temperature_in_C', 'internal_resistance_in_ohm', 'Qdlin', 'cycle_index', 'voltage', 'capacity', 'current', 'cycle']"
"zenodo_mich","40","40","40","","","","[v4] Need voltage_V and capacity_Ah. Found: ['cycle_number', 'current_in_A', 'voltage_in_V', 'charge_capacity_in_Ah', 'discharge_capacity_in_Ah', 'time_in_s', 'temperature_in_C', 'cycle_index', 'voltage', 'capacity', 'current', 'cycle']"
"zenodo_mich_exp","18","18","18","","","","[v4] Need voltage_V and capacity_Ah. Found: ['cycle_number', 'current_in_A', 'voltage_in_V', 'charge_capacity_in_Ah', 'discharge_capacity_in_Ah', 'time_in_s', 'temperature_in_C', 'cycle_index', 'voltage', 'capacity', 'current', 'cycle']"
"zenodo_na_ion","64","50","50","","","","[v4] Need voltage_V and capacity_Ah. Found: ['cycle_number', 'current_in_A', 'voltage_in_V', 'charge_capacity_in_Ah', 'discharge_capacity_in_Ah', 'time_in_s', 'cycle_index', 'voltage', 'capacity', 'current', 'cycle']"
"zenodo_rwth","48","48","48","","","","[v4] Need voltage_V and capacity_Ah. Found: ['cycle_number', 'current_in_A', 'voltage_in_V', 'charge_capacity_in_Ah', 'discharge_capacity_in_Ah', 'time_in_s', 'cycle_index', 'voltage', 'capacity', 'current', 'cycle']"
"zenodo_snl","61","50","50","","","","[v4] Need voltage_V and capacity_Ah. Found: ['cycle_number', 'current_in_A', 'voltage_in_V', 'charge_capacity_in_Ah', 'discharge_capacity_in_Ah', 'time_in_s', 'temperature_in_C', 'cycle_index', 'voltage', 'capacity', 'current', 'cycle']"
"zenodo_stanford","41","41","41","","","","[v4] Need voltage_V and capacity_Ah. Found: ['cycle_number', 'current_in_A', 'voltage_in_V', 'charge_capacity_in_Ah', 'discharge_capacity_in_Ah', 'time_in_s', 'temperature_in_C', 'cycle_index', 'voltage', 'capacity', 'current', 'cycle']"
"zenodo_xjtu","23","23","23","","","","[v4] Need voltage_V and capacity_Ah. Found: ['cycle_number', 'current_in_A', 'voltage_in_V', 'charge_capacity_in_Ah', 'discharge_capacity_in_Ah', 'time_in_s', 'cycle_index', 'voltage', 'capacity', 'current', 'cycle']"
"zenodo_zn_coin","140","50","50","","","","[v4] Need voltage_V and capacity_Ah. Found: ['cycle_number', 'current_in_A', 'voltage_in_V', 'charge_capacity_in_Ah', 'discharge_capacity_in_Ah', 'time_in_s', 'cycle_index', 'voltage', 'capacity', 'current', 'cycle']"
