"dataset","parq_global","parq_v4","cand_logs","best_absrho","best_lead_knee","run_log_files","run_err_files","sample_errors","sample_schema","schema_from"
"batterylife_xjtu","0","0","0",,,"0","0","",,
"calce","0","13","0",,,"126","69","[v4] Need voltage_V and capacity_Ah. Found: ['time_s', 'voltage_V', 'current_A', 'charge_capacity_Ah', 'discharge_capacity_Ah', 'temperature_C', 'internal_resistance_ohm', 'cell_id', 'cycle_index'] | [v4] Need voltage_V and capacity_Ah. Found: ['time_s', 'voltage_V', 'current_A', 'charge_capacity_Ah', 'discharge_capacity_Ah', 'temperature_C', 'internal_resistance_ohm', 'cell_id', 'cycle_index'] | [v4] Need voltage_V and capacity_Ah. Found: ['time_s', 'voltage_V', 'current_A', 'charge_capacity_Ah', 'discharge_capacity_Ah', 'temperature_C', 'internal_resistance_ohm', 'cell_id', 'cycle_index'] | [v4] Need voltage_V and capacity_Ah. Found: ['time_s', 'voltage_V', 'current_A', 'charge_capacity_Ah', 'discharge_capacity_Ah', 'temperature_C', 'internal_resistance_ohm', 'cell_id', 'cycle_index'] | [v4] Need voltage_V and capacity_Ah. Found: ['time_s', 'voltage_V', 'current_A', 'charge_capacity_Ah', 'discharge_capacity_Ah', 'temperature_C', 'internal_resistance_ohm', 'cell_id', 'cycle_index', 'voltage', 'capacity', 'current', 'cycle'] | [v4] Need voltage_V and capacity_Ah. Found: ['time_s', 'voltage_V', 'current_A', 'charge_capacity_Ah', 'discharge_capacity_Ah', 'temperature_C', 'internal_resistance_ohm', 'cell_id', 'cycle_index', 'voltage', 'capacity', 'current', 'cycle'] | [v4] Need voltage_V and capacity_Ah. Found: ['time_s', 'voltage_V', 'current_A', 'charge_capacity_Ah', 'discharge_capacity_Ah', 'temperature_C', 'internal_resistance_ohm', 'cell_id', 'cycle_index', 'voltage', 'capacity', 'current', 'cycle'] | [v4] Need voltage_V and capacity_Ah. Found: ['time_s', 'voltage_V', 'current_A', 'charge_capacity_Ah', 'discharge_capacity_Ah', 'temperature_C', 'internal_resistance_ohm', 'cell_id', 'cycle_index', 'voltage', 'capacity', 'current', 'cycle'] | [v4] Need voltage_V and capacity_Ah. Found: ['time_s', 'voltage_V', 'current_A', 'charge_capacity_Ah', 'discharge_capacity_Ah', 'temperature_C', 'internal_resistance_ohm', 'cell_id', 'cycle_index', 'voltage', 'capacity', 'current', 'cycle'] | [v4] Need voltage_V and capacity_Ah. Found: ['time_s', 'voltage_V', 'current_A', 'charge_capacity_Ah', 'discharge_capacity_Ah', 'temperature_C', 'internal_resistance_ohm', 'cell_id', 'cycle_index', 'voltage', 'capacity', 'current', 'cycle'] | [v4] Need voltage_V and capacity_Ah. Found: ['time_s', 'voltage_V', 'current_A', 'charge_capacity_Ah', 'discharge_capacity_Ah', 'temperature_C', 'internal_resistance_ohm', 'cell_id', 'cycle_index', 'voltage', 'capacity', 'current', 'cycle'] | [v4] Need voltage_V and capacity_Ah. Found: ['time_s', 'voltage_V', 'current_A', 'charge_capacity_Ah', 'discharge_capacity_Ah', 'temperature_C', 'internal_resistance_ohm', 'cell_id', 'cycle_index', 'voltage', 'capacity', 'current', 'cycle']","time_s,voltage_V,current_A,charge_capacity_Ah,discharge_capacity_Ah,temperature_C,internal_resistance_ohm,cell_id,cycle_index","C:\Users\szoke\Documents\BatteryDegradationAtlas\data\processed\within_cell_ic_v4\timeseries\calce\CALCE_CX2_35.parquet"
"x_batterylife_calb","0","27","0",,,"457","27","Traceback (most recent call last): | Traceback (most recent call last): | Traceback (most recent call last): | Traceback (most recent call last): | Traceback (most recent call last): | Traceback (most recent call last): | Traceback (most recent call last): | Traceback (most recent call last): | Traceback (most recent call last): | Traceback (most recent call last): | Traceback (most recent call last): | Traceback (most recent call last):","cell_id,cycle_index,cycle_type,voltage_V,capacity_Ah,current_A,temperature_C","C:\Users\szoke\Documents\BatteryDegradationAtlas\data\processed\within_cell_ic_v4\timeseries\x_batterylife_calb\CALB_0_B188.parquet"
"x_batterylife_ulpur","0","10","0",,,"136","10","Traceback (most recent call last): | Traceback (most recent call last): | Traceback (most recent call last): | Traceback (most recent call last): | Traceback (most recent call last): | Traceback (most recent call last): | Traceback (most recent call last): | Traceback (most recent call last): | Traceback (most recent call last): | Traceback (most recent call last):","cell_id,cycle_index,cycle_type,voltage_V,capacity_Ah,current_A,temperature_C","C:\Users\szoke\Documents\BatteryDegradationAtlas\data\processed\within_cell_ic_v4\timeseries\x_batterylife_ulpur\UL-PUR_N20-EX2_18650_NCA_23C_0-100_0.5-0.5C_b.parquet"
"zenodo_calce","0","13","0",,,"13","13","[v4] Need voltage_V and capacity_Ah. Found: ['cycle_number', 'current_in_A', 'voltage_in_V', 'charge_capacity_in_Ah', 'discharge_capacity_in_Ah', 'time_in_s', 'cycle_index', 'voltage', 'capacity', 'current', 'cycle'] | [v4] Need voltage_V and capacity_Ah. Found: ['cycle_number', 'current_in_A', 'voltage_in_V', 'charge_capacity_in_Ah', 'discharge_capacity_in_Ah', 'time_in_s', 'cycle_index', 'voltage', 'capacity', 'current', 'cycle'] | [v4] Need voltage_V and capacity_Ah. Found: ['cycle_number', 'current_in_A', 'voltage_in_V', 'charge_capacity_in_Ah', 'discharge_capacity_in_Ah', 'time_in_s', 'cycle_index', 'voltage', 'capacity', 'current', 'cycle'] | [v4] Need voltage_V and capacity_Ah. Found: ['cycle_number', 'current_in_A', 'voltage_in_V', 'charge_capacity_in_Ah', 'discharge_capacity_in_Ah', 'time_in_s', 'cycle_index', 'voltage', 'capacity', 'current', 'cycle'] | [v4] Need voltage_V and capacity_Ah. Found: ['cycle_number', 'current_in_A', 'voltage_in_V', 'charge_capacity_in_Ah', 'discharge_capacity_in_Ah', 'time_in_s', 'cycle_index', 'voltage', 'capacity', 'current', 'cycle'] | [v4] Need voltage_V and capacity_Ah. Found: ['cycle_number', 'current_in_A', 'voltage_in_V', 'charge_capacity_in_Ah', 'discharge_capacity_in_Ah', 'time_in_s', 'cycle_index', 'voltage', 'capacity', 'current', 'cycle'] | [v4] Need voltage_V and capacity_Ah. Found: ['cycle_number', 'current_in_A', 'voltage_in_V', 'charge_capacity_in_Ah', 'discharge_capacity_in_Ah', 'time_in_s', 'cycle_index', 'voltage', 'capacity', 'current', 'cycle'] | [v4] Need voltage_V and capacity_Ah. Found: ['cycle_number', 'current_in_A', 'voltage_in_V', 'charge_capacity_in_Ah', 'discharge_capacity_in_Ah', 'time_in_s', 'cycle_index', 'voltage', 'capacity', 'current', 'cycle'] | [v4] Need voltage_V and capacity_Ah. Found: ['cycle_number', 'current_in_A', 'voltage_in_V', 'charge_capacity_in_Ah', 'discharge_capacity_in_Ah', 'time_in_s', 'cycle_index', 'voltage', 'capacity', 'current', 'cycle'] | [v4] Need voltage_V and capacity_Ah. Found: ['cycle_number', 'current_in_A', 'voltage_in_V', 'charge_capacity_in_Ah', 'discharge_capacity_in_Ah', 'time_in_s', 'cycle_index', 'voltage', 'capacity', 'current', 'cycle'] | [v4] Need voltage_V and capacity_Ah. Found: ['cycle_number', 'current_in_A', 'voltage_in_V', 'charge_capacity_in_Ah', 'discharge_capacity_in_Ah', 'time_in_s', 'cycle_index', 'voltage', 'capacity', 'current', 'cycle'] | [v4] Need voltage_V and capacity_Ah. Found: ['cycle_number', 'current_in_A', 'voltage_in_V', 'charge_capacity_in_Ah', 'discharge_capacity_in_Ah', 'time_in_s', 'cycle_index', 'voltage', 'capacity', 'current', 'cycle']","cycle_number,current_in_A,voltage_in_V,charge_capacity_in_Ah,discharge_capacity_in_Ah,time_in_s,cycle_index","C:\Users\szoke\Documents\BatteryDegradationAtlas\data\processed\within_cell_ic_v4\timeseries\zenodo_calce\calce_cx2_35.parquet"
"zenodo_hnei","0","14","0",,,"14","14","[v4] Need voltage_V and capacity_Ah. Found: ['cycle_number', 'current_in_A', 'voltage_in_V', 'charge_capacity_in_Ah', 'discharge_capacity_in_Ah', 'time_in_s', 'temperature_in_C', 'cycle_index', 'voltage', 'capacity', 'current', 'cycle'] | [v4] Need voltage_V and capacity_Ah. Found: ['cycle_number', 'current_in_A', 'voltage_in_V', 'charge_capacity_in_Ah', 'discharge_capacity_in_Ah', 'time_in_s', 'temperature_in_C', 'cycle_index', 'voltage', 'capacity', 'current', 'cycle'] | [v4] Need voltage_V and capacity_Ah. Found: ['cycle_number', 'current_in_A', 'voltage_in_V', 'charge_capacity_in_Ah', 'discharge_capacity_in_Ah', 'time_in_s', 'temperature_in_C', 'cycle_index', 'voltage', 'capacity', 'current', 'cycle'] | [v4] Need voltage_V and capacity_Ah. Found: ['cycle_number', 'current_in_A', 'voltage_in_V', 'charge_capacity_in_Ah', 'discharge_capacity_in_Ah', 'time_in_s', 'temperature_in_C', 'cycle_index', 'voltage', 'capacity', 'current', 'cycle'] | [v4] Need voltage_V and capacity_Ah. Found: ['cycle_number', 'current_in_A', 'voltage_in_V', 'charge_capacity_in_Ah', 'discharge_capacity_in_Ah', 'time_in_s', 'temperature_in_C', 'cycle_index', 'voltage', 'capacity', 'current', 'cycle'] | [v4] Need voltage_V and capacity_Ah. Found: ['cycle_number', 'current_in_A', 'voltage_in_V', 'charge_capacity_in_Ah', 'discharge_capacity_in_Ah', 'time_in_s', 'temperature_in_C', 'cycle_index', 'voltage', 'capacity', 'current', 'cycle'] | [v4] Need voltage_V and capacity_Ah. Found: ['cycle_number', 'current_in_A', 'voltage_in_V', 'charge_capacity_in_Ah', 'discharge_capacity_in_Ah', 'time_in_s', 'temperature_in_C', 'cycle_index', 'voltage', 'capacity', 'current', 'cycle'] | [v4] Need voltage_V and capacity_Ah. Found: ['cycle_number', 'current_in_A', 'voltage_in_V', 'charge_capacity_in_Ah', 'discharge_capacity_in_Ah', 'time_in_s', 'temperature_in_C', 'cycle_index', 'voltage', 'capacity', 'current', 'cycle'] | [v4] Need voltage_V and capacity_Ah. Found: ['cycle_number', 'current_in_A', 'voltage_in_V', 'charge_capacity_in_Ah', 'discharge_capacity_in_Ah', 'time_in_s', 'temperature_in_C', 'cycle_index', 'voltage', 'capacity', 'current', 'cycle'] | [v4] Need voltage_V and capacity_Ah. Found: ['cycle_number', 'current_in_A', 'voltage_in_V', 'charge_capacity_in_Ah', 'discharge_capacity_in_Ah', 'time_in_s', 'temperature_in_C', 'cycle_index', 'voltage', 'capacity', 'current', 'cycle'] | [v4] Need voltage_V and capacity_Ah. Found: ['cycle_number', 'current_in_A', 'voltage_in_V', 'charge_capacity_in_Ah', 'discharge_capacity_in_Ah', 'time_in_s', 'temperature_in_C', 'cycle_index', 'voltage', 'capacity', 'current', 'cycle'] | [v4] Need voltage_V and capacity_Ah. Found: ['cycle_number', 'current_in_A', 'voltage_in_V', 'charge_capacity_in_Ah', 'discharge_capacity_in_Ah', 'time_in_s', 'temperature_in_C', 'cycle_index', 'voltage', 'capacity', 'current', 'cycle']","cycle_number,current_in_A,voltage_in_V,charge_capacity_in_Ah,discharge_capacity_in_Ah,time_in_s,temperature_in_C,cycle_index","C:\Users\szoke\Documents\BatteryDegradationAtlas\data\processed\within_cell_ic_v4\timeseries\zenodo_hnei\hnei_18650_nmc_lco_25c_0_100_0_5_1_5c_t.parquet"
"zenodo_hust","0","77","0",,,"50","50","[v4] Need voltage_V and capacity_Ah. Found: ['cycle_number', 'current_in_A', 'voltage_in_V', 'charge_capacity_in_Ah', 'discharge_capacity_in_Ah', 'time_in_s', 'cycle_index', 'voltage', 'capacity', 'current', 'cycle'] | [v4] Need voltage_V and capacity_Ah. Found: ['cycle_number', 'current_in_A', 'voltage_in_V', 'charge_capacity_in_Ah', 'discharge_capacity_in_Ah', 'time_in_s', 'cycle_index', 'voltage', 'capacity', 'current', 'cycle'] | [v4] Need voltage_V and capacity_Ah. Found: ['cycle_number', 'current_in_A', 'voltage_in_V', 'charge_capacity_in_Ah', 'discharge_capacity_in_Ah', 'time_in_s', 'cycle_index', 'voltage', 'capacity', 'current', 'cycle'] | [v4] Need voltage_V and capacity_Ah. Found: ['cycle_number', 'current_in_A', 'voltage_in_V', 'charge_capacity_in_Ah', 'discharge_capacity_in_Ah', 'time_in_s', 'cycle_index', 'voltage', 'capacity', 'current', 'cycle'] | [v4] Need voltage_V and capacity_Ah. Found: ['cycle_number', 'current_in_A', 'voltage_in_V', 'charge_capacity_in_Ah', 'discharge_capacity_in_Ah', 'time_in_s', 'cycle_index', 'voltage', 'capacity', 'current', 'cycle'] | [v4] Need voltage_V and capacity_Ah. Found: ['cycle_number', 'current_in_A', 'voltage_in_V', 'charge_capacity_in_Ah', 'discharge_capacity_in_Ah', 'time_in_s', 'cycle_index', 'voltage', 'capacity', 'current', 'cycle'] | [v4] Need voltage_V and capacity_Ah. Found: ['cycle_number', 'current_in_A', 'voltage_in_V', 'charge_capacity_in_Ah', 'discharge_capacity_in_Ah', 'time_in_s', 'cycle_index', 'voltage', 'capacity', 'current', 'cycle'] | [v4] Need voltage_V and capacity_Ah. Found: ['cycle_number', 'current_in_A', 'voltage_in_V', 'charge_capacity_in_Ah', 'discharge_capacity_in_Ah', 'time_in_s', 'cycle_index', 'voltage', 'capacity', 'current', 'cycle'] | [v4] Need voltage_V and capacity_Ah. Found: ['cycle_number', 'current_in_A', 'voltage_in_V', 'charge_capacity_in_Ah', 'discharge_capacity_in_Ah', 'time_in_s', 'cycle_index', 'voltage', 'capacity', 'current', 'cycle'] | [v4] Need voltage_V and capacity_Ah. Found: ['cycle_number', 'current_in_A', 'voltage_in_V', 'charge_capacity_in_Ah', 'discharge_capacity_in_Ah', 'time_in_s', 'cycle_index', 'voltage', 'capacity', 'current', 'cycle'] | [v4] Need voltage_V and capacity_Ah. Found: ['cycle_number', 'current_in_A', 'voltage_in_V', 'charge_capacity_in_Ah', 'discharge_capacity_in_Ah', 'time_in_s', 'cycle_index', 'voltage', 'capacity', 'current', 'cycle'] | [v4] Need voltage_V and capacity_Ah. Found: ['cycle_number', 'current_in_A', 'voltage_in_V', 'charge_capacity_in_Ah', 'discharge_capacity_in_Ah', 'time_in_s', 'cycle_index', 'voltage', 'capacity', 'current', 'cycle']","cycle_number,current_in_A,voltage_in_V,charge_capacity_in_Ah,discharge_capacity_in_Ah,time_in_s,cycle_index","C:\Users\szoke\Documents\BatteryDegradationAtlas\data\processed\within_cell_ic_v4\timeseries\zenodo_hust\hust_1_2.parquet"
"zenodo_isu_ilcc","0","240","0",,,"50","50","[v4] Need voltage_V and capacity_Ah. Found: ['cycle_number', 'current_in_A', 'voltage_in_V', 'charge_capacity_in_Ah', 'discharge_capacity_in_Ah', 'time_in_s', 'cycle_index', 'voltage', 'capacity', 'current', 'cycle'] | [v4] Need voltage_V and capacity_Ah. Found: ['cycle_number', 'current_in_A', 'voltage_in_V', 'charge_capacity_in_Ah', 'discharge_capacity_in_Ah', 'time_in_s', 'cycle_index', 'voltage', 'capacity', 'current', 'cycle'] | [v4] Need voltage_V and capacity_Ah. Found: ['cycle_number', 'current_in_A', 'voltage_in_V', 'charge_capacity_in_Ah', 'discharge_capacity_in_Ah', 'time_in_s', 'cycle_index', 'voltage', 'capacity', 'current', 'cycle'] | [v4] Need voltage_V and capacity_Ah. Found: ['cycle_number', 'current_in_A', 'voltage_in_V', 'charge_capacity_in_Ah', 'discharge_capacity_in_Ah', 'time_in_s', 'cycle_index', 'voltage', 'capacity', 'current', 'cycle'] | [v4] Need voltage_V and capacity_Ah. Found: ['cycle_number', 'current_in_A', 'voltage_in_V', 'charge_capacity_in_Ah', 'discharge_capacity_in_Ah', 'time_in_s', 'cycle_index', 'voltage', 'capacity', 'current', 'cycle'] | [v4] Need voltage_V and capacity_Ah. Found: ['cycle_number', 'current_in_A', 'voltage_in_V', 'charge_capacity_in_Ah', 'discharge_capacity_in_Ah', 'time_in_s', 'cycle_index', 'voltage', 'capacity', 'current', 'cycle'] | [v4] Need voltage_V and capacity_Ah. Found: ['cycle_number', 'current_in_A', 'voltage_in_V', 'charge_capacity_in_Ah', 'discharge_capacity_in_Ah', 'time_in_s', 'cycle_index', 'voltage', 'capacity', 'current', 'cycle'] | [v4] Need voltage_V and capacity_Ah. Found: ['cycle_number', 'current_in_A', 'voltage_in_V', 'charge_capacity_in_Ah', 'discharge_capacity_in_Ah', 'time_in_s', 'cycle_index', 'voltage', 'capacity', 'current', 'cycle'] | [v4] Need voltage_V and capacity_Ah. Found: ['cycle_number', 'current_in_A', 'voltage_in_V', 'charge_capacity_in_Ah', 'discharge_capacity_in_Ah', 'time_in_s', 'cycle_index', 'voltage', 'capacity', 'current', 'cycle'] | [v4] Need voltage_V and capacity_Ah. Found: ['cycle_number', 'current_in_A', 'voltage_in_V', 'charge_capacity_in_Ah', 'discharge_capacity_in_Ah', 'time_in_s', 'cycle_index', 'voltage', 'capacity', 'current', 'cycle'] | [v4] Need voltage_V and capacity_Ah. Found: ['cycle_number', 'current_in_A', 'voltage_in_V', 'charge_capacity_in_Ah', 'discharge_capacity_in_Ah', 'time_in_s', 'cycle_index', 'voltage', 'capacity', 'current', 'cycle'] | [v4] Need voltage_V and capacity_Ah. Found: ['cycle_number', 'current_in_A', 'voltage_in_V', 'charge_capacity_in_Ah', 'discharge_capacity_in_Ah', 'time_in_s', 'cycle_index', 'voltage', 'capacity', 'current', 'cycle']","cycle_number,current_in_A,voltage_in_V,charge_capacity_in_Ah,discharge_capacity_in_Ah,time_in_s,cycle_index","C:\Users\szoke\Documents\BatteryDegradationAtlas\data\processed\within_cell_ic_v4\timeseries\zenodo_isu_ilcc\isu_ilcc_g6c3.parquet"
"zenodo_matr","0","169","0",,,"50","50","[v4] Need voltage_V and capacity_Ah. Found: ['cycle_number', 'current_in_A', 'voltage_in_V', 'charge_capacity_in_Ah', 'discharge_capacity_in_Ah', 'time_in_s', 'temperature_in_C', 'internal_resistance_in_ohm', 'Qdlin', 'cycle_index', 'voltage', 'capacity', 'current', 'cycle'] | [v4] Need voltage_V and capacity_Ah. Found: ['cycle_number', 'current_in_A', 'voltage_in_V', 'charge_capacity_in_Ah', 'discharge_capacity_in_Ah', 'time_in_s', 'temperature_in_C', 'internal_resistance_in_ohm', 'Qdlin', 'cycle_index', 'voltage', 'capacity', 'current', 'cycle'] | [v4] Need voltage_V and capacity_Ah. Found: ['cycle_number', 'current_in_A', 'voltage_in_V', 'charge_capacity_in_Ah', 'discharge_capacity_in_Ah', 'time_in_s', 'temperature_in_C', 'internal_resistance_in_ohm', 'Qdlin', 'cycle_index', 'voltage', 'capacity', 'current', 'cycle'] | [v4] Need voltage_V and capacity_Ah. Found: ['cycle_number', 'current_in_A', 'voltage_in_V', 'charge_capacity_in_Ah', 'discharge_capacity_in_Ah', 'time_in_s', 'temperature_in_C', 'internal_resistance_in_ohm', 'Qdlin', 'cycle_index', 'voltage', 'capacity', 'current', 'cycle'] | [v4] Need voltage_V and capacity_Ah. Found: ['cycle_number', 'current_in_A', 'voltage_in_V', 'charge_capacity_in_Ah', 'discharge_capacity_in_Ah', 'time_in_s', 'temperature_in_C', 'internal_resistance_in_ohm', 'Qdlin', 'cycle_index', 'voltage', 'capacity', 'current', 'cycle'] | [v4] Need voltage_V and capacity_Ah. Found: ['cycle_number', 'current_in_A', 'voltage_in_V', 'charge_capacity_in_Ah', 'discharge_capacity_in_Ah', 'time_in_s', 'temperature_in_C', 'internal_resistance_in_ohm', 'Qdlin', 'cycle_index', 'voltage', 'capacity', 'current', 'cycle'] | [v4] Need voltage_V and capacity_Ah. Found: ['cycle_number', 'current_in_A', 'voltage_in_V', 'charge_capacity_in_Ah', 'discharge_capacity_in_Ah', 'time_in_s', 'temperature_in_C', 'internal_resistance_in_ohm', 'Qdlin', 'cycle_index', 'voltage', 'capacity', 'current', 'cycle'] | [v4] Need voltage_V and capacity_Ah. Found: ['cycle_number', 'current_in_A', 'voltage_in_V', 'charge_capacity_in_Ah', 'discharge_capacity_in_Ah', 'time_in_s', 'temperature_in_C', 'internal_resistance_in_ohm', 'Qdlin', 'cycle_index', 'voltage', 'capacity', 'current', 'cycle'] | [v4] Need voltage_V and capacity_Ah. Found: ['cycle_number', 'current_in_A', 'voltage_in_V', 'charge_capacity_in_Ah', 'discharge_capacity_in_Ah', 'time_in_s', 'temperature_in_C', 'internal_resistance_in_ohm', 'Qdlin', 'cycle_index', 'voltage', 'capacity', 'current', 'cycle'] | [v4] Need voltage_V and capacity_Ah. Found: ['cycle_number', 'current_in_A', 'voltage_in_V', 'charge_capacity_in_Ah', 'discharge_capacity_in_Ah', 'time_in_s', 'temperature_in_C', 'internal_resistance_in_ohm', 'Qdlin', 'cycle_index', 'voltage', 'capacity', 'current', 'cycle'] | [v4] Need voltage_V and capacity_Ah. Found: ['cycle_number', 'current_in_A', 'voltage_in_V', 'charge_capacity_in_Ah', 'discharge_capacity_in_Ah', 'time_in_s', 'temperature_in_C', 'internal_resistance_in_ohm', 'Qdlin', 'cycle_index', 'voltage', 'capacity', 'current', 'cycle'] | [v4] Need voltage_V and capacity_Ah. Found: ['cycle_number', 'current_in_A', 'voltage_in_V', 'charge_capacity_in_Ah', 'discharge_capacity_in_Ah', 'time_in_s', 'temperature_in_C', 'internal_resistance_in_ohm', 'Qdlin', 'cycle_index', 'voltage', 'capacity', 'current', 'cycle']","cycle_number,current_in_A,voltage_in_V,charge_capacity_in_Ah,discharge_capacity_in_Ah,time_in_s,temperature_in_C,internal_resistance_in_ohm,Qdlin,cycle_index","C:\Users\szoke\Documents\BatteryDegradationAtlas\data\processed\within_cell_ic_v4\timeseries\zenodo_matr\matr_b1c2.parquet"
"zenodo_mich","0","40","0",,,"40","40","[v4] Need voltage_V and capacity_Ah. Found: ['cycle_number', 'current_in_A', 'voltage_in_V', 'charge_capacity_in_Ah', 'discharge_capacity_in_Ah', 'time_in_s', 'temperature_in_C', 'cycle_index', 'voltage', 'capacity', 'current', 'cycle'] | [v4] Need voltage_V and capacity_Ah. Found: ['cycle_number', 'current_in_A', 'voltage_in_V', 'charge_capacity_in_Ah', 'discharge_capacity_in_Ah', 'time_in_s', 'temperature_in_C', 'cycle_index', 'voltage', 'capacity', 'current', 'cycle'] | [v4] Need voltage_V and capacity_Ah. Found: ['cycle_number', 'current_in_A', 'voltage_in_V', 'charge_capacity_in_Ah', 'discharge_capacity_in_Ah', 'time_in_s', 'temperature_in_C', 'cycle_index', 'voltage', 'capacity', 'current', 'cycle'] | [v4] Need voltage_V and capacity_Ah. Found: ['cycle_number', 'current_in_A', 'voltage_in_V', 'charge_capacity_in_Ah', 'discharge_capacity_in_Ah', 'time_in_s', 'temperature_in_C', 'cycle_index', 'voltage', 'capacity', 'current', 'cycle'] | [v4] Need voltage_V and capacity_Ah. Found: ['cycle_number', 'current_in_A', 'voltage_in_V', 'charge_capacity_in_Ah', 'discharge_capacity_in_Ah', 'time_in_s', 'temperature_in_C', 'cycle_index', 'voltage', 'capacity', 'current', 'cycle'] | [v4] Need voltage_V and capacity_Ah. Found: ['cycle_number', 'current_in_A', 'voltage_in_V', 'charge_capacity_in_Ah', 'discharge_capacity_in_Ah', 'time_in_s', 'temperature_in_C', 'cycle_index', 'voltage', 'capacity', 'current', 'cycle'] | [v4] Need voltage_V and capacity_Ah. Found: ['cycle_number', 'current_in_A', 'voltage_in_V', 'charge_capacity_in_Ah', 'discharge_capacity_in_Ah', 'time_in_s', 'temperature_in_C', 'cycle_index', 'voltage', 'capacity', 'current', 'cycle'] | [v4] Need voltage_V and capacity_Ah. Found: ['cycle_number', 'current_in_A', 'voltage_in_V', 'charge_capacity_in_Ah', 'discharge_capacity_in_Ah', 'time_in_s', 'temperature_in_C', 'cycle_index', 'voltage', 'capacity', 'current', 'cycle'] | [v4] Need voltage_V and capacity_Ah. Found: ['cycle_number', 'current_in_A', 'voltage_in_V', 'charge_capacity_in_Ah', 'discharge_capacity_in_Ah', 'time_in_s', 'temperature_in_C', 'cycle_index', 'voltage', 'capacity', 'current', 'cycle'] | [v4] Need voltage_V and capacity_Ah. Found: ['cycle_number', 'current_in_A', 'voltage_in_V', 'charge_capacity_in_Ah', 'discharge_capacity_in_Ah', 'time_in_s', 'temperature_in_C', 'cycle_index', 'voltage', 'capacity', 'current', 'cycle'] | [v4] Need voltage_V and capacity_Ah. Found: ['cycle_number', 'current_in_A', 'voltage_in_V', 'charge_capacity_in_Ah', 'discharge_capacity_in_Ah', 'time_in_s', 'temperature_in_C', 'cycle_index', 'voltage', 'capacity', 'current', 'cycle'] | [v4] Need voltage_V and capacity_Ah. Found: ['cycle_number', 'current_in_A', 'voltage_in_V', 'charge_capacity_in_Ah', 'discharge_capacity_in_Ah', 'time_in_s', 'temperature_in_C', 'cycle_index', 'voltage', 'capacity', 'current', 'cycle']","cycle_number,current_in_A,voltage_in_V,charge_capacity_in_Ah,discharge_capacity_in_Ah,time_in_s,temperature_in_C,cycle_index","C:\Users\szoke\Documents\BatteryDegradationAtlas\data\processed\within_cell_ic_v4\timeseries\zenodo_mich\mich_mcform26_pouch_nmc_25c_0_100_1_1c_f.parquet"
"zenodo_mich_exp","0","18","0",,,"18","18","[v4] Need voltage_V and capacity_Ah. Found: ['cycle_number', 'current_in_A', 'voltage_in_V', 'charge_capacity_in_Ah', 'discharge_capacity_in_Ah', 'time_in_s', 'temperature_in_C', 'cycle_index', 'voltage', 'capacity', 'current', 'cycle'] | [v4] Need voltage_V and capacity_Ah. Found: ['cycle_number', 'current_in_A', 'voltage_in_V', 'charge_capacity_in_Ah', 'discharge_capacity_in_Ah', 'time_in_s', 'temperature_in_C', 'cycle_index', 'voltage', 'capacity', 'current', 'cycle'] | [v4] Need voltage_V and capacity_Ah. Found: ['cycle_number', 'current_in_A', 'voltage_in_V', 'charge_capacity_in_Ah', 'discharge_capacity_in_Ah', 'time_in_s', 'temperature_in_C', 'cycle_index', 'voltage', 'capacity', 'current', 'cycle'] | [v4] Need voltage_V and capacity_Ah. Found: ['cycle_number', 'current_in_A', 'voltage_in_V', 'charge_capacity_in_Ah', 'discharge_capacity_in_Ah', 'time_in_s', 'temperature_in_C', 'cycle_index', 'voltage', 'capacity', 'current', 'cycle'] | [v4] Need voltage_V and capacity_Ah. Found: ['cycle_number', 'current_in_A', 'voltage_in_V', 'charge_capacity_in_Ah', 'discharge_capacity_in_Ah', 'time_in_s', 'temperature_in_C', 'cycle_index', 'voltage', 'capacity', 'current', 'cycle'] | [v4] Need voltage_V and capacity_Ah. Found: ['cycle_number', 'current_in_A', 'voltage_in_V', 'charge_capacity_in_Ah', 'discharge_capacity_in_Ah', 'time_in_s', 'temperature_in_C', 'cycle_index', 'voltage', 'capacity', 'current', 'cycle'] | [v4] Need voltage_V and capacity_Ah. Found: ['cycle_number', 'current_in_A', 'voltage_in_V', 'charge_capacity_in_Ah', 'discharge_capacity_in_Ah', 'time_in_s', 'temperature_in_C', 'cycle_index', 'voltage', 'capacity', 'current', 'cycle'] | [v4] Need voltage_V and capacity_Ah. Found: ['cycle_number', 'current_in_A', 'voltage_in_V', 'charge_capacity_in_Ah', 'discharge_capacity_in_Ah', 'time_in_s', 'temperature_in_C', 'cycle_index', 'voltage', 'capacity', 'current', 'cycle'] | [v4] Need voltage_V and capacity_Ah. Found: ['cycle_number', 'current_in_A', 'voltage_in_V', 'charge_capacity_in_Ah', 'discharge_capacity_in_Ah', 'time_in_s', 'temperature_in_C', 'cycle_index', 'voltage', 'capacity', 'current', 'cycle'] | [v4] Need voltage_V and capacity_Ah. Found: ['cycle_number', 'current_in_A', 'voltage_in_V', 'charge_capacity_in_Ah', 'discharge_capacity_in_Ah', 'time_in_s', 'temperature_in_C', 'cycle_index', 'voltage', 'capacity', 'current', 'cycle'] | [v4] Need voltage_V and capacity_Ah. Found: ['cycle_number', 'current_in_A', 'voltage_in_V', 'charge_capacity_in_Ah', 'discharge_capacity_in_Ah', 'time_in_s', 'temperature_in_C', 'cycle_index', 'voltage', 'capacity', 'current', 'cycle'] | [v4] Need voltage_V and capacity_Ah. Found: ['cycle_number', 'current_in_A', 'voltage_in_V', 'charge_capacity_in_Ah', 'discharge_capacity_in_Ah', 'time_in_s', 'temperature_in_C', 'cycle_index', 'voltage', 'capacity', 'current', 'cycle']","cycle_number,current_in_A,voltage_in_V,charge_capacity_in_Ah,discharge_capacity_in_Ah,time_in_s,temperature_in_C,cycle_index","C:\Users\szoke\Documents\BatteryDegradationAtlas\data\processed\within_cell_ic_v4\timeseries\zenodo_mich_exp\mich_01r_pouch_nmc_25c_0_100_0_2_0_2c.parquet"
"zenodo_na_ion","0","64","0",,,"50","50","[v4] Need voltage_V and capacity_Ah. Found: ['cycle_number', 'current_in_A', 'voltage_in_V', 'charge_capacity_in_Ah', 'discharge_capacity_in_Ah', 'time_in_s', 'cycle_index', 'voltage', 'capacity', 'current', 'cycle'] | [v4] Need voltage_V and capacity_Ah. Found: ['cycle_number', 'current_in_A', 'voltage_in_V', 'charge_capacity_in_Ah', 'discharge_capacity_in_Ah', 'time_in_s', 'cycle_index', 'voltage', 'capacity', 'current', 'cycle'] | [v4] Need voltage_V and capacity_Ah. Found: ['cycle_number', 'current_in_A', 'voltage_in_V', 'charge_capacity_in_Ah', 'discharge_capacity_in_Ah', 'time_in_s', 'cycle_index', 'voltage', 'capacity', 'current', 'cycle'] | [v4] Need voltage_V and capacity_Ah. Found: ['cycle_number', 'current_in_A', 'voltage_in_V', 'charge_capacity_in_Ah', 'discharge_capacity_in_Ah', 'time_in_s', 'cycle_index', 'voltage', 'capacity', 'current', 'cycle'] | [v4] Need voltage_V and capacity_Ah. Found: ['cycle_number', 'current_in_A', 'voltage_in_V', 'charge_capacity_in_Ah', 'discharge_capacity_in_Ah', 'time_in_s', 'cycle_index', 'voltage', 'capacity', 'current', 'cycle'] | [v4] Need voltage_V and capacity_Ah. Found: ['cycle_number', 'current_in_A', 'voltage_in_V', 'charge_capacity_in_Ah', 'discharge_capacity_in_Ah', 'time_in_s', 'cycle_index', 'voltage', 'capacity', 'current', 'cycle'] | [v4] Need voltage_V and capacity_Ah. Found: ['cycle_number', 'current_in_A', 'voltage_in_V', 'charge_capacity_in_Ah', 'discharge_capacity_in_Ah', 'time_in_s', 'cycle_index', 'voltage', 'capacity', 'current', 'cycle'] | [v4] Need voltage_V and capacity_Ah. Found: ['cycle_number', 'current_in_A', 'voltage_in_V', 'charge_capacity_in_Ah', 'discharge_capacity_in_Ah', 'time_in_s', 'cycle_index', 'voltage', 'capacity', 'current', 'cycle'] | [v4] Need voltage_V and capacity_Ah. Found: ['cycle_number', 'current_in_A', 'voltage_in_V', 'charge_capacity_in_Ah', 'discharge_capacity_in_Ah', 'time_in_s', 'cycle_index', 'voltage', 'capacity', 'current', 'cycle'] | [v4] Need voltage_V and capacity_Ah. Found: ['cycle_number', 'current_in_A', 'voltage_in_V', 'charge_capacity_in_Ah', 'discharge_capacity_in_Ah', 'time_in_s', 'cycle_index', 'voltage', 'capacity', 'current', 'cycle'] | [v4] Need voltage_V and capacity_Ah. Found: ['cycle_number', 'current_in_A', 'voltage_in_V', 'charge_capacity_in_Ah', 'discharge_capacity_in_Ah', 'time_in_s', 'cycle_index', 'voltage', 'capacity', 'current', 'cycle'] | [v4] Need voltage_V and capacity_Ah. Found: ['cycle_number', 'current_in_A', 'voltage_in_V', 'charge_capacity_in_Ah', 'discharge_capacity_in_Ah', 'time_in_s', 'cycle_index', 'voltage', 'capacity', 'current', 'cycle']","cycle_number,current_in_A,voltage_in_V,charge_capacity_in_Ah,discharge_capacity_in_Ah,time_in_s,cycle_index","C:\Users\szoke\Documents\BatteryDegradationAtlas\data\processed\within_cell_ic_v4\timeseries\zenodo_na_ion\na_ion_270040_2_3_12.parquet"
"zenodo_rwth","0","48","0",,,"48","48","[v4] Need voltage_V and capacity_Ah. Found: ['cycle_number', 'current_in_A', 'voltage_in_V', 'charge_capacity_in_Ah', 'discharge_capacity_in_Ah', 'time_in_s', 'cycle_index', 'voltage', 'capacity', 'current', 'cycle'] | [v4] Need voltage_V and capacity_Ah. Found: ['cycle_number', 'current_in_A', 'voltage_in_V', 'charge_capacity_in_Ah', 'discharge_capacity_in_Ah', 'time_in_s', 'cycle_index', 'voltage', 'capacity', 'current', 'cycle'] | [v4] Need voltage_V and capacity_Ah. Found: ['cycle_number', 'current_in_A', 'voltage_in_V', 'charge_capacity_in_Ah', 'discharge_capacity_in_Ah', 'time_in_s', 'cycle_index', 'voltage', 'capacity', 'current', 'cycle'] | [v4] Need voltage_V and capacity_Ah. Found: ['cycle_number', 'current_in_A', 'voltage_in_V', 'charge_capacity_in_Ah', 'discharge_capacity_in_Ah', 'time_in_s', 'cycle_index', 'voltage', 'capacity', 'current', 'cycle'] | [v4] Need voltage_V and capacity_Ah. Found: ['cycle_number', 'current_in_A', 'voltage_in_V', 'charge_capacity_in_Ah', 'discharge_capacity_in_Ah', 'time_in_s', 'cycle_index', 'voltage', 'capacity', 'current', 'cycle'] | [v4] Need voltage_V and capacity_Ah. Found: ['cycle_number', 'current_in_A', 'voltage_in_V', 'charge_capacity_in_Ah', 'discharge_capacity_in_Ah', 'time_in_s', 'cycle_index', 'voltage', 'capacity', 'current', 'cycle'] | [v4] Need voltage_V and capacity_Ah. Found: ['cycle_number', 'current_in_A', 'voltage_in_V', 'charge_capacity_in_Ah', 'discharge_capacity_in_Ah', 'time_in_s', 'cycle_index', 'voltage', 'capacity', 'current', 'cycle'] | [v4] Need voltage_V and capacity_Ah. Found: ['cycle_number', 'current_in_A', 'voltage_in_V', 'charge_capacity_in_Ah', 'discharge_capacity_in_Ah', 'time_in_s', 'cycle_index', 'voltage', 'capacity', 'current', 'cycle'] | [v4] Need voltage_V and capacity_Ah. Found: ['cycle_number', 'current_in_A', 'voltage_in_V', 'charge_capacity_in_Ah', 'discharge_capacity_in_Ah', 'time_in_s', 'cycle_index', 'voltage', 'capacity', 'current', 'cycle'] | [v4] Need voltage_V and capacity_Ah. Found: ['cycle_number', 'current_in_A', 'voltage_in_V', 'charge_capacity_in_Ah', 'discharge_capacity_in_Ah', 'time_in_s', 'cycle_index', 'voltage', 'capacity', 'current', 'cycle'] | [v4] Need voltage_V and capacity_Ah. Found: ['cycle_number', 'current_in_A', 'voltage_in_V', 'charge_capacity_in_Ah', 'discharge_capacity_in_Ah', 'time_in_s', 'cycle_index', 'voltage', 'capacity', 'current', 'cycle'] | [v4] Need voltage_V and capacity_Ah. Found: ['cycle_number', 'current_in_A', 'voltage_in_V', 'charge_capacity_in_Ah', 'discharge_capacity_in_Ah', 'time_in_s', 'cycle_index', 'voltage', 'capacity', 'current', 'cycle']","cycle_number,current_in_A,voltage_in_V,charge_capacity_in_Ah,discharge_capacity_in_Ah,time_in_s,cycle_index","C:\Users\szoke\Documents\BatteryDegradationAtlas\data\processed\within_cell_ic_v4\timeseries\zenodo_rwth\rwth_025.parquet"
"zenodo_snl","0","61","0",,,"50","50","[v4] Need voltage_V and capacity_Ah. Found: ['cycle_number', 'current_in_A', 'voltage_in_V', 'charge_capacity_in_Ah', 'discharge_capacity_in_Ah', 'time_in_s', 'temperature_in_C', 'cycle_index', 'voltage', 'capacity', 'current', 'cycle'] | [v4] Need voltage_V and capacity_Ah. Found: ['cycle_number', 'current_in_A', 'voltage_in_V', 'charge_capacity_in_Ah', 'discharge_capacity_in_Ah', 'time_in_s', 'temperature_in_C', 'cycle_index', 'voltage', 'capacity', 'current', 'cycle'] | [v4] Need voltage_V and capacity_Ah. Found: ['cycle_number', 'current_in_A', 'voltage_in_V', 'charge_capacity_in_Ah', 'discharge_capacity_in_Ah', 'time_in_s', 'temperature_in_C', 'cycle_index', 'voltage', 'capacity', 'current', 'cycle'] | [v4] Need voltage_V and capacity_Ah. Found: ['cycle_number', 'current_in_A', 'voltage_in_V', 'charge_capacity_in_Ah', 'discharge_capacity_in_Ah', 'time_in_s', 'temperature_in_C', 'cycle_index', 'voltage', 'capacity', 'current', 'cycle'] | [v4] Need voltage_V and capacity_Ah. Found: ['cycle_number', 'current_in_A', 'voltage_in_V', 'charge_capacity_in_Ah', 'discharge_capacity_in_Ah', 'time_in_s', 'temperature_in_C', 'cycle_index', 'voltage', 'capacity', 'current', 'cycle'] | [v4] Need voltage_V and capacity_Ah. Found: ['cycle_number', 'current_in_A', 'voltage_in_V', 'charge_capacity_in_Ah', 'discharge_capacity_in_Ah', 'time_in_s', 'temperature_in_C', 'cycle_index', 'voltage', 'capacity', 'current', 'cycle'] | [v4] Need voltage_V and capacity_Ah. Found: ['cycle_number', 'current_in_A', 'voltage_in_V', 'charge_capacity_in_Ah', 'discharge_capacity_in_Ah', 'time_in_s', 'temperature_in_C', 'cycle_index', 'voltage', 'capacity', 'current', 'cycle'] | [v4] Need voltage_V and capacity_Ah. Found: ['cycle_number', 'current_in_A', 'voltage_in_V', 'charge_capacity_in_Ah', 'discharge_capacity_in_Ah', 'time_in_s', 'temperature_in_C', 'cycle_index', 'voltage', 'capacity', 'current', 'cycle'] | [v4] Need voltage_V and capacity_Ah. Found: ['cycle_number', 'current_in_A', 'voltage_in_V', 'charge_capacity_in_Ah', 'discharge_capacity_in_Ah', 'time_in_s', 'temperature_in_C', 'cycle_index', 'voltage', 'capacity', 'current', 'cycle'] | [v4] Need voltage_V and capacity_Ah. Found: ['cycle_number', 'current_in_A', 'voltage_in_V', 'charge_capacity_in_Ah', 'discharge_capacity_in_Ah', 'time_in_s', 'temperature_in_C', 'cycle_index', 'voltage', 'capacity', 'current', 'cycle'] | [v4] Need voltage_V and capacity_Ah. Found: ['cycle_number', 'current_in_A', 'voltage_in_V', 'charge_capacity_in_Ah', 'discharge_capacity_in_Ah', 'time_in_s', 'temperature_in_C', 'cycle_index', 'voltage', 'capacity', 'current', 'cycle'] | [v4] Need voltage_V and capacity_Ah. Found: ['cycle_number', 'current_in_A', 'voltage_in_V', 'charge_capacity_in_Ah', 'discharge_capacity_in_Ah', 'time_in_s', 'temperature_in_C', 'cycle_index', 'voltage', 'capacity', 'current', 'cycle']","cycle_number,current_in_A,voltage_in_V,charge_capacity_in_Ah,discharge_capacity_in_Ah,time_in_s,temperature_in_C,cycle_index","C:\Users\szoke\Documents\BatteryDegradationAtlas\data\processed\within_cell_ic_v4\timeseries\zenodo_snl\snl_18650_lfp_25c_0_100_0_5_1c_b.parquet"
"zenodo_stanford","0","41","0",,,"41","41","[v4] Need voltage_V and capacity_Ah. Found: ['cycle_number', 'current_in_A', 'voltage_in_V', 'charge_capacity_in_Ah', 'discharge_capacity_in_Ah', 'time_in_s', 'temperature_in_C', 'cycle_index', 'voltage', 'capacity', 'current', 'cycle'] | [v4] Need voltage_V and capacity_Ah. Found: ['cycle_number', 'current_in_A', 'voltage_in_V', 'charge_capacity_in_Ah', 'discharge_capacity_in_Ah', 'time_in_s', 'temperature_in_C', 'cycle_index', 'voltage', 'capacity', 'current', 'cycle'] | [v4] Need voltage_V and capacity_Ah. Found: ['cycle_number', 'current_in_A', 'voltage_in_V', 'charge_capacity_in_Ah', 'discharge_capacity_in_Ah', 'time_in_s', 'temperature_in_C', 'cycle_index', 'voltage', 'capacity', 'current', 'cycle'] | [v4] Need voltage_V and capacity_Ah. Found: ['cycle_number', 'current_in_A', 'voltage_in_V', 'charge_capacity_in_Ah', 'discharge_capacity_in_Ah', 'time_in_s', 'temperature_in_C', 'cycle_index', 'voltage', 'capacity', 'current', 'cycle'] | [v4] Need voltage_V and capacity_Ah. Found: ['cycle_number', 'current_in_A', 'voltage_in_V', 'charge_capacity_in_Ah', 'discharge_capacity_in_Ah', 'time_in_s', 'temperature_in_C', 'cycle_index', 'voltage', 'capacity', 'current', 'cycle'] | [v4] Need voltage_V and capacity_Ah. Found: ['cycle_number', 'current_in_A', 'voltage_in_V', 'charge_capacity_in_Ah', 'discharge_capacity_in_Ah', 'time_in_s', 'temperature_in_C', 'cycle_index', 'voltage', 'capacity', 'current', 'cycle'] | [v4] Need voltage_V and capacity_Ah. Found: ['cycle_number', 'current_in_A', 'voltage_in_V', 'charge_capacity_in_Ah', 'discharge_capacity_in_Ah', 'time_in_s', 'temperature_in_C', 'cycle_index', 'voltage', 'capacity', 'current', 'cycle'] | [v4] Need voltage_V and capacity_Ah. Found: ['cycle_number', 'current_in_A', 'voltage_in_V', 'charge_capacity_in_Ah', 'discharge_capacity_in_Ah', 'time_in_s', 'temperature_in_C', 'cycle_index', 'voltage', 'capacity', 'current', 'cycle'] | [v4] Need voltage_V and capacity_Ah. Found: ['cycle_number', 'current_in_A', 'voltage_in_V', 'charge_capacity_in_Ah', 'discharge_capacity_in_Ah', 'time_in_s', 'temperature_in_C', 'cycle_index', 'voltage', 'capacity', 'current', 'cycle'] | [v4] Need voltage_V and capacity_Ah. Found: ['cycle_number', 'current_in_A', 'voltage_in_V', 'charge_capacity_in_Ah', 'discharge_capacity_in_Ah', 'time_in_s', 'temperature_in_C', 'cycle_index', 'voltage', 'capacity', 'current', 'cycle'] | [v4] Need voltage_V and capacity_Ah. Found: ['cycle_number', 'current_in_A', 'voltage_in_V', 'charge_capacity_in_Ah', 'discharge_capacity_in_Ah', 'time_in_s', 'temperature_in_C', 'cycle_index', 'voltage', 'capacity', 'current', 'cycle'] | [v4] Need voltage_V and capacity_Ah. Found: ['cycle_number', 'current_in_A', 'voltage_in_V', 'charge_capacity_in_Ah', 'discharge_capacity_in_Ah', 'time_in_s', 'temperature_in_C', 'cycle_index', 'voltage', 'capacity', 'current', 'cycle']","cycle_number,current_in_A,voltage_in_V,charge_capacity_in_Ah,discharge_capacity_in_Ah,time_in_s,temperature_in_C,cycle_index","C:\Users\szoke\Documents\BatteryDegradationAtlas\data\processed\within_cell_ic_v4\timeseries\zenodo_stanford\stanford_nova_regular_224.parquet"
"zenodo_xjtu","0","23","0",,,"23","23","[v4] Need voltage_V and capacity_Ah. Found: ['cycle_number', 'current_in_A', 'voltage_in_V', 'charge_capacity_in_Ah', 'discharge_capacity_in_Ah', 'time_in_s', 'cycle_index', 'voltage', 'capacity', 'current', 'cycle'] | [v4] Need voltage_V and capacity_Ah. Found: ['cycle_number', 'current_in_A', 'voltage_in_V', 'charge_capacity_in_Ah', 'discharge_capacity_in_Ah', 'time_in_s', 'cycle_index', 'voltage', 'capacity', 'current', 'cycle'] | [v4] Need voltage_V and capacity_Ah. Found: ['cycle_number', 'current_in_A', 'voltage_in_V', 'charge_capacity_in_Ah', 'discharge_capacity_in_Ah', 'time_in_s', 'cycle_index', 'voltage', 'capacity', 'current', 'cycle'] | [v4] Need voltage_V and capacity_Ah. Found: ['cycle_number', 'current_in_A', 'voltage_in_V', 'charge_capacity_in_Ah', 'discharge_capacity_in_Ah', 'time_in_s', 'cycle_index', 'voltage', 'capacity', 'current', 'cycle'] | [v4] Need voltage_V and capacity_Ah. Found: ['cycle_number', 'current_in_A', 'voltage_in_V', 'charge_capacity_in_Ah', 'discharge_capacity_in_Ah', 'time_in_s', 'cycle_index', 'voltage', 'capacity', 'current', 'cycle'] | [v4] Need voltage_V and capacity_Ah. Found: ['cycle_number', 'current_in_A', 'voltage_in_V', 'charge_capacity_in_Ah', 'discharge_capacity_in_Ah', 'time_in_s', 'cycle_index', 'voltage', 'capacity', 'current', 'cycle'] | [v4] Need voltage_V and capacity_Ah. Found: ['cycle_number', 'current_in_A', 'voltage_in_V', 'charge_capacity_in_Ah', 'discharge_capacity_in_Ah', 'time_in_s', 'cycle_index', 'voltage', 'capacity', 'current', 'cycle'] | [v4] Need voltage_V and capacity_Ah. Found: ['cycle_number', 'current_in_A', 'voltage_in_V', 'charge_capacity_in_Ah', 'discharge_capacity_in_Ah', 'time_in_s', 'cycle_index', 'voltage', 'capacity', 'current', 'cycle'] | [v4] Need voltage_V and capacity_Ah. Found: ['cycle_number', 'current_in_A', 'voltage_in_V', 'charge_capacity_in_Ah', 'discharge_capacity_in_Ah', 'time_in_s', 'cycle_index', 'voltage', 'capacity', 'current', 'cycle'] | [v4] Need voltage_V and capacity_Ah. Found: ['cycle_number', 'current_in_A', 'voltage_in_V', 'charge_capacity_in_Ah', 'discharge_capacity_in_Ah', 'time_in_s', 'cycle_index', 'voltage', 'capacity', 'current', 'cycle'] | [v4] Need voltage_V and capacity_Ah. Found: ['cycle_number', 'current_in_A', 'voltage_in_V', 'charge_capacity_in_Ah', 'discharge_capacity_in_Ah', 'time_in_s', 'cycle_index', 'voltage', 'capacity', 'current', 'cycle'] | [v4] Need voltage_V and capacity_Ah. Found: ['cycle_number', 'current_in_A', 'voltage_in_V', 'charge_capacity_in_Ah', 'discharge_capacity_in_Ah', 'time_in_s', 'cycle_index', 'voltage', 'capacity', 'current', 'cycle']","cycle_number,current_in_A,voltage_in_V,charge_capacity_in_Ah,discharge_capacity_in_Ah,time_in_s,cycle_index","C:\Users\szoke\Documents\BatteryDegradationAtlas\data\processed\within_cell_ic_v4\timeseries\zenodo_xjtu\xjtu_2c_battery_8.parquet"
"zenodo_zn_coin","0","140","0",,,"50","50","[v4] Need voltage_V and capacity_Ah. Found: ['cycle_number', 'current_in_A', 'voltage_in_V', 'charge_capacity_in_Ah', 'discharge_capacity_in_Ah', 'time_in_s', 'cycle_index', 'voltage', 'capacity', 'current', 'cycle'] | [v4] Need voltage_V and capacity_Ah. Found: ['cycle_number', 'current_in_A', 'voltage_in_V', 'charge_capacity_in_Ah', 'discharge_capacity_in_Ah', 'time_in_s', 'cycle_index', 'voltage', 'capacity', 'current', 'cycle'] | [v4] Need voltage_V and capacity_Ah. Found: ['cycle_number', 'current_in_A', 'voltage_in_V', 'charge_capacity_in_Ah', 'discharge_capacity_in_Ah', 'time_in_s', 'cycle_index', 'voltage', 'capacity', 'current', 'cycle'] | [v4] Need voltage_V and capacity_Ah. Found: ['cycle_number', 'current_in_A', 'voltage_in_V', 'charge_capacity_in_Ah', 'discharge_capacity_in_Ah', 'time_in_s', 'cycle_index', 'voltage', 'capacity', 'current', 'cycle'] | [v4] Need voltage_V and capacity_Ah. Found: ['cycle_number', 'current_in_A', 'voltage_in_V', 'charge_capacity_in_Ah', 'discharge_capacity_in_Ah', 'time_in_s', 'cycle_index', 'voltage', 'capacity', 'current', 'cycle'] | [v4] Need voltage_V and capacity_Ah. Found: ['cycle_number', 'current_in_A', 'voltage_in_V', 'charge_capacity_in_Ah', 'discharge_capacity_in_Ah', 'time_in_s', 'cycle_index', 'voltage', 'capacity', 'current', 'cycle'] | [v4] Need voltage_V and capacity_Ah. Found: ['cycle_number', 'current_in_A', 'voltage_in_V', 'charge_capacity_in_Ah', 'discharge_capacity_in_Ah', 'time_in_s', 'cycle_index', 'voltage', 'capacity', 'current', 'cycle'] | [v4] Need voltage_V and capacity_Ah. Found: ['cycle_number', 'current_in_A', 'voltage_in_V', 'charge_capacity_in_Ah', 'discharge_capacity_in_Ah', 'time_in_s', 'cycle_index', 'voltage', 'capacity', 'current', 'cycle'] | [v4] Need voltage_V and capacity_Ah. Found: ['cycle_number', 'current_in_A', 'voltage_in_V', 'charge_capacity_in_Ah', 'discharge_capacity_in_Ah', 'time_in_s', 'cycle_index', 'voltage', 'capacity', 'current', 'cycle'] | [v4] Need voltage_V and capacity_Ah. Found: ['cycle_number', 'current_in_A', 'voltage_in_V', 'charge_capacity_in_Ah', 'discharge_capacity_in_Ah', 'time_in_s', 'cycle_index', 'voltage', 'capacity', 'current', 'cycle'] | [v4] Need voltage_V and capacity_Ah. Found: ['cycle_number', 'current_in_A', 'voltage_in_V', 'charge_capacity_in_Ah', 'discharge_capacity_in_Ah', 'time_in_s', 'cycle_index', 'voltage', 'capacity', 'current', 'cycle'] | [v4] Need voltage_V and capacity_Ah. Found: ['cycle_number', 'current_in_A', 'voltage_in_V', 'charge_capacity_in_Ah', 'discharge_capacity_in_Ah', 'time_in_s', 'cycle_index', 'voltage', 'capacity', 'current', 'cycle']","cycle_number,current_in_A,voltage_in_V,charge_capacity_in_Ah,discharge_capacity_in_Ah,time_in_s,cycle_index","C:\Users\szoke\Documents\BatteryDegradationAtlas\data\processed\within_cell_ic_v4\timeseries\zenodo_zn_coin\zn_coin_439_3_20231227204817_04_8.parquet"
