"dataset","parq_global","parq_v4","hub_candidates","best_absrho_hub","best_cell_hub","run_log_files","run_err_files","best_absrho_run","best_cell_run","mentioned_in_sweep","reason","sample_error"
"batterylife_xjtu","0","0","0","","","0","0","","","False","no_v4_parquets",
"calce","0","13","0","","","126","69","0.481","B0054 horizon=25 n_points=200 k_opt=3 v_range=[2.246,3.764]","False","run_errors_present","[v4] Need voltage_V and capacity_Ah. Found: ['time_s', 'voltage_V', 'current_A', 'charge_capacity_Ah', 'discharge_capacity_Ah', 'temperature_C', 'internal_resistance_ohm', 'cell_id', 'cycle_index', 'voltage', 'capacity', 'current', 'cycle']"
"x_batterylife_calb","0","27","0","","","457","27","0.267","CALB_45_B256 horizon=100 n_points=300 k_opt=4 v_range=[2.000,3.500]","False","run_errors_present","Traceback (most recent call last):"
"x_batterylife_ulpur","0","10","0","","","136","10","0.267","UL-PUR_N20-OV1_18650_NCA_23C_0-100_0.5-0.5C_a horizon=100 n_points=300 k_opt=4 v_range=[2.000,3.500]","False","run_errors_present","Traceback (most recent call last):"
"zenodo_calce","0","13","0","","","13","13","","","False","run_errors_present","[v4] Need voltage_V and capacity_Ah. Found: ['cycle_number', 'current_in_A', 'voltage_in_V', 'charge_capacity_in_Ah', 'discharge_capacity_in_Ah', 'time_in_s', 'cycle_index', 'voltage', 'capacity', 'current', 'cycle']"
"zenodo_hnei","0","14","0","","","14","14","","","False","run_errors_present","[v4] Need voltage_V and capacity_Ah. Found: ['cycle_number', 'current_in_A', 'voltage_in_V', 'charge_capacity_in_Ah', 'discharge_capacity_in_Ah', 'time_in_s', 'temperature_in_C', 'cycle_index', 'voltage', 'capacity', 'current', 'cycle']"
"zenodo_hust","0","77","0","","","50","50","","","False","run_errors_present","[v4] Need voltage_V and capacity_Ah. Found: ['cycle_number', 'current_in_A', 'voltage_in_V', 'charge_capacity_in_Ah', 'discharge_capacity_in_Ah', 'time_in_s', 'cycle_index', 'voltage', 'capacity', 'current', 'cycle']"
"zenodo_isu_ilcc","0","240","0","","","50","50","","","False","run_errors_present","[v4] Need voltage_V and capacity_Ah. Found: ['cycle_number', 'current_in_A', 'voltage_in_V', 'charge_capacity_in_Ah', 'discharge_capacity_in_Ah', 'time_in_s', 'cycle_index', 'voltage', 'capacity', 'current', 'cycle']"
"zenodo_matr","0","169","0","","","50","50","","","False","run_errors_present","[v4] Need voltage_V and capacity_Ah. Found: ['cycle_number', 'current_in_A', 'voltage_in_V', 'charge_capacity_in_Ah', 'discharge_capacity_in_Ah', 'time_in_s', 'temperature_in_C', 'internal_resistance_in_ohm', 'Qdlin', 'cycle_index', 'voltage', 'capacity', 'current', 'cycle']"
"zenodo_mich","0","40","0","","","40","40","","","False","run_errors_present","[v4] Need voltage_V and capacity_Ah. Found: ['cycle_number', 'current_in_A', 'voltage_in_V', 'charge_capacity_in_Ah', 'discharge_capacity_in_Ah', 'time_in_s', 'temperature_in_C', 'cycle_index', 'voltage', 'capacity', 'current', 'cycle']"
"zenodo_mich_exp","0","18","0","","","18","18","","","False","run_errors_present","[v4] Need voltage_V and capacity_Ah. Found: ['cycle_number', 'current_in_A', 'voltage_in_V', 'charge_capacity_in_Ah', 'discharge_capacity_in_Ah', 'time_in_s', 'temperature_in_C', 'cycle_index', 'voltage', 'capacity', 'current', 'cycle']"
"zenodo_na_ion","0","64","0","","","50","50","","","False","run_errors_present","[v4] Need voltage_V and capacity_Ah. Found: ['cycle_number', 'current_in_A', 'voltage_in_V', 'charge_capacity_in_Ah', 'discharge_capacity_in_Ah', 'time_in_s', 'cycle_index', 'voltage', 'capacity', 'current', 'cycle']"
"zenodo_rwth","0","48","0","","","48","48","","","False","run_errors_present","[v4] Need voltage_V and capacity_Ah. Found: ['cycle_number', 'current_in_A', 'voltage_in_V', 'charge_capacity_in_Ah', 'discharge_capacity_in_Ah', 'time_in_s', 'cycle_index', 'voltage', 'capacity', 'current', 'cycle']"
"zenodo_snl","0","61","0","","","50","50","","","False","run_errors_present","[v4] Need voltage_V and capacity_Ah. Found: ['cycle_number', 'current_in_A', 'voltage_in_V', 'charge_capacity_in_Ah', 'discharge_capacity_in_Ah', 'time_in_s', 'temperature_in_C', 'cycle_index', 'voltage', 'capacity', 'current', 'cycle']"
"zenodo_stanford","0","41","0","","","41","41","","","False","run_errors_present","[v4] Need voltage_V and capacity_Ah. Found: ['cycle_number', 'current_in_A', 'voltage_in_V', 'charge_capacity_in_Ah', 'discharge_capacity_in_Ah', 'time_in_s', 'temperature_in_C', 'cycle_index', 'voltage', 'capacity', 'current', 'cycle']"
"zenodo_xjtu","0","23","0","","","23","23","","","False","run_errors_present","[v4] Need voltage_V and capacity_Ah. Found: ['cycle_number', 'current_in_A', 'voltage_in_V', 'charge_capacity_in_Ah', 'discharge_capacity_in_Ah', 'time_in_s', 'cycle_index', 'voltage', 'capacity', 'current', 'cycle']"
"zenodo_zn_coin","0","140","0","","","50","50","","","False","run_errors_present","[v4] Need voltage_V and capacity_Ah. Found: ['cycle_number', 'current_in_A', 'voltage_in_V', 'charge_capacity_in_Ah', 'discharge_capacity_in_Ah', 'time_in_s', 'cycle_index', 'voltage', 'capacity', 'current', 'cycle']"
