"dataset","parq_v4","hub_candidates","best_absrho_hub","best_id_hub","run_metrics","best_absrho_run","best_id_run","pass_count","run_log_files","run_err_files","error_signature","schema_postfix"
"_diagnostics","0","0","","","0","","","0","1","0","",""
"_smoke","0","0","","","4","0.267","CALB_0_B188 horizon=220 n_points=300 k_opt=4 v_range=[2.000,3.500]","0","5","0","",""
"batterylife_xjtu","0","0","","","0","","","0","0","0","",""
"calce","13","0","","","55","0.481","B0054 horizon=25 n_points=200 k_opt=3 v_range=[2.246,3.764]","0","126","69","[v4] Need voltage_V and capacity_Ah. Found: ['time_s', 'voltage_V', 'current_A', 'charge_capacity_Ah', 'discharge_capacity_Ah', 'temperature_C', 'internal_resistance_ohm', 'cell_id', 'cycle_index', 'voltage', 'capacity', 'current', 'cycle']","OK | C:\Users\szoke\Documents\BatteryDegradationAtlas\data\processed\within_cell_ic_v4\timeseries\calce\CALCE_CX2_16.parquet"
"legacy_interim","0","0","","","33","0.267","2017-05-12_6C-50per_3_6C_CH36__NULL_icshuffle_s017 horizon=100 n_points=300 k_opt=4 v_range=[2.000,3.500]","0","116","0","",""
"legacy_interim_v4","0","0","","","4","0.267","2017-05-12_6C-50per_3_6C_CH36__NULL_icshuffle_s035 horizon=100 n_points=300 k_opt=4 v_range=[2.000,3.500]","0","5","0","",""
"legacy_interim_v4_real","0","0","","","2","0.267","2017-05-12_6C-50per_3_6C_CH36 horizon=100 n_points=300 k_opt=4 v_range=[2.000,3.500]","0","60","0","",""
"legacy_interim_v4_real_icfriendly","0","0","","","4","0.267","2017-05-12_6C-50per_3_6C_CH36 horizon=100 n_points=300 k_opt=4 v_range=[2.000,3.500]","0","124","2","Traceback (most recent call last):",""
"nasa","0","60","0.561","B0033 horizon=25 n_points=300 k_opt=4 v_range=[2.565,4.058]","9","0.561","B0033 horizon=25 n_points=300 k_opt=4 v_range=[2.565,4.058]","0","814","0","",""
"nasa_pcoe","0","0","","","0","","","0","0","0","",""
"sev","0","1297","0.446","2017-05-12_6C-50per_3_6C_CH36__NULL_icshuffle_s026 horizon=25 n_points=200 k_opt=4 v_range=[2.000,3.500]","0","","","1129","1250","0","",""
"Severson-et-al","0","0","","","0","","","0","79","0","",""
"x_batterylife_calb","27","0","","","27","0.267","CALB_45_B256 horizon=100 n_points=300 k_opt=4 v_range=[2.000,3.500]","0","457","27","Traceback (most recent call last):",""
"x_batterylife_ulpur","10","0","","","10","0.267","UL-PUR_N20-OV1_18650_NCA_23C_0-100_0.5-0.5C_a horizon=100 n_points=300 k_opt=4 v_range=[2.000,3.500]","0","136","10","Traceback (most recent call last):",""
"zenodo_calce","13","0","","","0","","","0","13","13","[v4] Need voltage_V and capacity_Ah. Found: ['cycle_number', 'current_in_A', 'voltage_in_V', 'charge_capacity_in_Ah', 'discharge_capacity_in_Ah', 'time_in_s', 'cycle_index', 'voltage', 'capacity', 'current', 'cycle']","OK | C:\Users\szoke\Documents\BatteryDegradationAtlas\data\processed\within_cell_ic_v4\timeseries\zenodo_calce\calce_cx2_16.parquet"
"zenodo_hnei","14","0","","","0","","","0","14","14","[v4] Need voltage_V and capacity_Ah. Found: ['cycle_number', 'current_in_A', 'voltage_in_V', 'charge_capacity_in_Ah', 'discharge_capacity_in_Ah', 'time_in_s', 'temperature_in_C', 'cycle_index', 'voltage', 'capacity', 'current', 'cycle']","OK | C:\Users\szoke\Documents\BatteryDegradationAtlas\data\processed\within_cell_ic_v4\timeseries\zenodo_hnei\hnei_18650_nmc_lco_25c_0_100_0_5_1_5c_t.parquet"
"zenodo_hust","77","0","","","0","","","0","50","50","[v4] Need voltage_V and capacity_Ah. Found: ['cycle_number', 'current_in_A', 'voltage_in_V', 'charge_capacity_in_Ah', 'discharge_capacity_in_Ah', 'time_in_s', 'cycle_index', 'voltage', 'capacity', 'current', 'cycle']","OK | C:\Users\szoke\Documents\BatteryDegradationAtlas\data\processed\within_cell_ic_v4\timeseries\zenodo_hust\hust_1_2.parquet"
"zenodo_isu_ilcc","240","0","","","0","","","0","50","50","[v4] Need voltage_V and capacity_Ah. Found: ['cycle_number', 'current_in_A', 'voltage_in_V', 'charge_capacity_in_Ah', 'discharge_capacity_in_Ah', 'time_in_s', 'cycle_index', 'voltage', 'capacity', 'current', 'cycle']","OK | C:\Users\szoke\Documents\BatteryDegradationAtlas\data\processed\within_cell_ic_v4\timeseries\zenodo_isu_ilcc\isu_ilcc_g6c3.parquet"
"zenodo_matr","169","0","","","0","","","0","50","50","[v4] Need voltage_V and capacity_Ah. Found: ['cycle_number', 'current_in_A', 'voltage_in_V', 'charge_capacity_in_Ah', 'discharge_capacity_in_Ah', 'time_in_s', 'temperature_in_C', 'internal_resistance_in_ohm', 'Qdlin', 'cycle_index', 'voltage', 'capacity', 'current', 'cycle']","OK | C:\Users\szoke\Documents\BatteryDegradationAtlas\data\processed\within_cell_ic_v4\timeseries\zenodo_matr\matr_b1c2.parquet"
"zenodo_mich","40","0","","","0","","","0","40","40","[v4] Need voltage_V and capacity_Ah. Found: ['cycle_number', 'current_in_A', 'voltage_in_V', 'charge_capacity_in_Ah', 'discharge_capacity_in_Ah', 'time_in_s', 'temperature_in_C', 'cycle_index', 'voltage', 'capacity', 'current', 'cycle']","OK | C:\Users\szoke\Documents\BatteryDegradationAtlas\data\processed\within_cell_ic_v4\timeseries\zenodo_mich\mich_mcform26_pouch_nmc_25c_0_100_1_1c_f.parquet"
"zenodo_mich_exp","18","0","","","0","","","0","18","18","[v4] Need voltage_V and capacity_Ah. Found: ['cycle_number', 'current_in_A', 'voltage_in_V', 'charge_capacity_in_Ah', 'discharge_capacity_in_Ah', 'time_in_s', 'temperature_in_C', 'cycle_index', 'voltage', 'capacity', 'current', 'cycle']","OK | C:\Users\szoke\Documents\BatteryDegradationAtlas\data\processed\within_cell_ic_v4\timeseries\zenodo_mich_exp\mich_01r_pouch_nmc_25c_0_100_0_2_0_2c.parquet"
"zenodo_na_ion","64","0","","","0","","","0","50","50","[v4] Need voltage_V and capacity_Ah. Found: ['cycle_number', 'current_in_A', 'voltage_in_V', 'charge_capacity_in_Ah', 'discharge_capacity_in_Ah', 'time_in_s', 'cycle_index', 'voltage', 'capacity', 'current', 'cycle']","OK | C:\Users\szoke\Documents\BatteryDegradationAtlas\data\processed\within_cell_ic_v4\timeseries\zenodo_na_ion\na_ion_270040_2_3_12.parquet"
"zenodo_rwth","48","0","","","0","","","0","48","48","[v4] Need voltage_V and capacity_Ah. Found: ['cycle_number', 'current_in_A', 'voltage_in_V', 'charge_capacity_in_Ah', 'discharge_capacity_in_Ah', 'time_in_s', 'cycle_index', 'voltage', 'capacity', 'current', 'cycle']","OK | C:\Users\szoke\Documents\BatteryDegradationAtlas\data\processed\within_cell_ic_v4\timeseries\zenodo_rwth\rwth_025.parquet"
"zenodo_snl","61","0","","","0","","","0","50","50","[v4] Need voltage_V and capacity_Ah. Found: ['cycle_number', 'current_in_A', 'voltage_in_V', 'charge_capacity_in_Ah', 'discharge_capacity_in_Ah', 'time_in_s', 'temperature_in_C', 'cycle_index', 'voltage', 'capacity', 'current', 'cycle']","OK | C:\Users\szoke\Documents\BatteryDegradationAtlas\data\processed\within_cell_ic_v4\timeseries\zenodo_snl\snl_18650_lfp_25c_0_100_0_5_1c_b.parquet"
"zenodo_stanford","41","0","","","0","","","0","41","41","[v4] Need voltage_V and capacity_Ah. Found: ['cycle_number', 'current_in_A', 'voltage_in_V', 'charge_capacity_in_Ah', 'discharge_capacity_in_Ah', 'time_in_s', 'temperature_in_C', 'cycle_index', 'voltage', 'capacity', 'current', 'cycle']","OK | C:\Users\szoke\Documents\BatteryDegradationAtlas\data\processed\within_cell_ic_v4\timeseries\zenodo_stanford\stanford_nova_regular_224.parquet"
"zenodo_xjtu","23","0","","","0","","","0","23","23","[v4] Need voltage_V and capacity_Ah. Found: ['cycle_number', 'current_in_A', 'voltage_in_V', 'charge_capacity_in_Ah', 'discharge_capacity_in_Ah', 'time_in_s', 'cycle_index', 'voltage', 'capacity', 'current', 'cycle']","OK | C:\Users\szoke\Documents\BatteryDegradationAtlas\data\processed\within_cell_ic_v4\timeseries\zenodo_xjtu\xjtu_2c_battery_8.parquet"
"zenodo_zn_coin","140","0","","","0","","","0","50","50","[v4] Need voltage_V and capacity_Ah. Found: ['cycle_number', 'current_in_A', 'voltage_in_V', 'charge_capacity_in_Ah', 'discharge_capacity_in_Ah', 'time_in_s', 'cycle_index', 'voltage', 'capacity', 'current', 'cycle']","OK | C:\Users\szoke\Documents\BatteryDegradationAtlas\data\processed\within_cell_ic_v4\timeseries\zenodo_zn_coin\zn_coin_439_3_20231227204817_04_8.parquet"
